<?xml version = '1.0' encoding = 'UTF-8'?>
<Entity class="oracle.dbtools.crest.model.design.logical.Entity" directorySegmentName="seg_0" id="62F0DDA2-6F2E-BF95-A3AA-7E8813C1C150" name="Metodo_pago">
<createdBy>Matias</createdBy>
<createdTime>2024-09-23 22:12:07 UTC</createdTime>
<ownerDesignName>Base_Datos</ownerDesignName>
<engineerTo>
<item key="5E20E1C7-6E8A-325D-F17C-95BAC867B73B" value="true"/>
</engineerTo>
<adequatelyNormalized>NO</adequatelyNormalized>
<expectedVolumes>0</expectedVolumes>
<fwdEngineeringStrategyName>Single Table</fwdEngineeringStrategyName>
<growthPercent>0</growthPercent>
<growthType>Year</growthType>
<maxVolumes>9999999</maxVolumes>
<minVolumes>0</minVolumes>
<normalForm>Third</normalForm>
<attributes itemClass="oracle.dbtools.crest.model.design.logical.Attribute">
<Attribute name="id_metodo_pago" id="5CBEDDBB-A8E5-5BF2-8A94-1FE47787AFDB">
<createdBy>Matias</createdBy>
<createdTime>2024-09-23 23:39:02 UTC</createdTime>
<ownerDesignName>Base_Datos</ownerDesignName>
<engineerTo>
<item key="5E20E1C7-6E8A-325D-F17C-95BAC867B73B" value="true"/>
</engineerTo>
<useDomainConstraints>false</useDomainConstraints>
<use>1</use>
<logicalDatatype>LOGDT011</logicalDatatype>
<ownDataTypeParameters>,,</ownDataTypeParameters>
</Attribute>
<Attribute name="tipo_pago" id="7A5E56A4-921A-46D7-7429-6F74791A3E6C">
<createdBy>Matias</createdBy>
<createdTime>2024-09-23 23:39:18 UTC</createdTime>
<ownerDesignName>Base_Datos</ownerDesignName>
<engineerTo>
<item key="5E20E1C7-6E8A-325D-F17C-95BAC867B73B" value="true"/>
</engineerTo>
<useDomainConstraints>false</useDomainConstraints>
<use>1</use>
<logicalDatatype>LOGDT024</logicalDatatype>
<dataTypeSize>100 CHAR</dataTypeSize>
<ownDataTypeParameters>100 CHAR,,</ownDataTypeParameters>
</Attribute>
<Attribute name="estado_pago" id="E5C2BC79-C39A-74B9-2B7F-F002C42A5070">
<createdBy>Matias</createdBy>
<createdTime>2024-09-23 23:39:33 UTC</createdTime>
<ownerDesignName>Base_Datos</ownerDesignName>
<engineerTo>
<item key="5E20E1C7-6E8A-325D-F17C-95BAC867B73B" value="true"/>
</engineerTo>
<useDomainConstraints>false</useDomainConstraints>
<use>1</use>
<logicalDatatype>LOGDT006</logicalDatatype>
<dataTypeSize>1 CHAR</dataTypeSize>
<ownDataTypeParameters>1 CHAR,,</ownDataTypeParameters>
</Attribute>
<Attribute name="detalle_pago" id="067F9B73-F24C-7BA4-D368-E5C92609F400">
<createdBy>Matias</createdBy>
<createdTime>2024-09-23 23:39:54 UTC</createdTime>
<ownerDesignName>Base_Datos</ownerDesignName>
<engineerTo>
<item key="5E20E1C7-6E8A-325D-F17C-95BAC867B73B" value="true"/>
</engineerTo>
<useDomainConstraints>false</useDomainConstraints>
<use>1</use>
<logicalDatatype>LOGDT024</logicalDatatype>
<dataTypeSize>100 CHAR</dataTypeSize>
<ownDataTypeParameters>100 CHAR,,</ownDataTypeParameters>
</Attribute>
</attributes>
<identifiers itemClass="oracle.dbtools.crest.model.design.logical.CandidateKey">
<identifier id="705D39EB-2260-DE3D-7CED-944BB3B53D0F" name="Metodo_pago PK">
<createdBy>Matias</createdBy>
<createdTime>2024-09-23 23:39:13 UTC</createdTime>
<ownerDesignName>Base_Datos</ownerDesignName>
<shouldEngineer>false</shouldEngineer>
<engineerTo>
<item key="5E20E1C7-6E8A-325D-F17C-95BAC867B73B" value="false"/>
</engineerTo>
<pk>true</pk>
<usedAttributes>
<attributeRef>5CBEDDBB-A8E5-5BF2-8A94-1FE47787AFDB</attributeRef>
</usedAttributes>
</identifier>
</identifiers>
</Entity>