<?xml version = '1.0' encoding = 'UTF-8'?>
<Entity class="oracle.dbtools.crest.model.design.logical.Entity" directorySegmentName="seg_0" id="6AB6E9E0-61F3-DB7A-2FC0-609DFD98A361" name="Transaccion">
<createdBy>Matias</createdBy>
<createdTime>2024-09-23 22:12:14 UTC</createdTime>
<ownerDesignName>Base_Datos</ownerDesignName>
<engineerTo>
<item key="5E20E1C7-6E8A-325D-F17C-95BAC867B73B" value="true"/>
</engineerTo>
<adequatelyNormalized>NO</adequatelyNormalized>
<expectedVolumes>0</expectedVolumes>
<fwdEngineeringStrategyName>Single Table</fwdEngineeringStrategyName>
<growthPercent>0</growthPercent>
<growthType>Year</growthType>
<maxVolumes>9999999</maxVolumes>
<minVolumes>0</minVolumes>
<normalForm>Third</normalForm>
<attributes itemClass="oracle.dbtools.crest.model.design.logical.Attribute">
<Attribute name="id_transaccion" id="555A6FF0-207E-1C20-AA53-B7B0E4591872">
<createdBy>Matias</createdBy>
<createdTime>2024-09-23 23:31:37 UTC</createdTime>
<ownerDesignName>Base_Datos</ownerDesignName>
<engineerTo>
<item key="5E20E1C7-6E8A-325D-F17C-95BAC867B73B" value="true"/>
</engineerTo>
<useDomainConstraints>false</useDomainConstraints>
<use>1</use>
<logicalDatatype>LOGDT011</logicalDatatype>
<ownDataTypeParameters>,,</ownDataTypeParameters>
</Attribute>
<Attribute name="fecha_transaccion" id="74A9B171-6698-66CC-F40A-A6734D9FBC00">
<createdBy>Matias</createdBy>
<createdTime>2024-09-23 23:31:51 UTC</createdTime>
<ownerDesignName>Base_Datos</ownerDesignName>
<engineerTo>
<item key="5E20E1C7-6E8A-325D-F17C-95BAC867B73B" value="true"/>
</engineerTo>
<useDomainConstraints>false</useDomainConstraints>
<use>1</use>
<logicalDatatype>LOGDT011</logicalDatatype>
<ownDataTypeParameters>,,</ownDataTypeParameters>
</Attribute>
<Attribute name="monto" id="D4163B45-05CE-049B-AEC6-48C65158BA09">
<createdBy>Matias</createdBy>
<createdTime>2024-09-23 23:37:23 UTC</createdTime>
<ownerDesignName>Base_Datos</ownerDesignName>
<engineerTo>
<item key="5E20E1C7-6E8A-325D-F17C-95BAC867B73B" value="true"/>
</engineerTo>
<useDomainConstraints>false</useDomainConstraints>
<use>1</use>
<logicalDatatype>LOGDT019</logicalDatatype>
<ownDataTypeParameters>,,</ownDataTypeParameters>
</Attribute>
<Attribute name="estado_transaccion" id="5B7C0DB0-152E-AE80-FC4B-53AD16529D3F">
<createdBy>Matias</createdBy>
<createdTime>2024-09-23 23:37:33 UTC</createdTime>
<ownerDesignName>Base_Datos</ownerDesignName>
<engineerTo>
<item key="5E20E1C7-6E8A-325D-F17C-95BAC867B73B" value="true"/>
</engineerTo>
<useDomainConstraints>false</useDomainConstraints>
<use>1</use>
<logicalDatatype>LOGDT024</logicalDatatype>
<dataTypeSize>100 CHAR</dataTypeSize>
<ownDataTypeParameters>100 CHAR,,</ownDataTypeParameters>
</Attribute>
<Attribute name="codigo_autorizacion" id="114C2696-746B-1CAA-BE3B-2BFABC2EDCCE">
<createdBy>Matias</createdBy>
<createdTime>2024-09-23 23:38:17 UTC</createdTime>
<ownerDesignName>Base_Datos</ownerDesignName>
<engineerTo>
<item key="5E20E1C7-6E8A-325D-F17C-95BAC867B73B" value="true"/>
</engineerTo>
<useDomainConstraints>false</useDomainConstraints>
<use>1</use>
<logicalDatatype>LOGDT024</logicalDatatype>
<dataTypeSize>100 CHAR</dataTypeSize>
<ownDataTypeParameters>100 CHAR,,</ownDataTypeParameters>
</Attribute>
<Attribute name="id_metodo_pago" id="D2B663E0-1216-5DE5-080D-CD441B3DB0D1">
<createdBy>Matias</createdBy>
<createdTime>2024-09-23 23:40:15 UTC</createdTime>
<generatorID>F60C53F5-6C1D-6ABB-A0BE-72B8982084DF</generatorID>
<ownerDesignName>Base_Datos</ownerDesignName>
<engineerTo>
<item key="5E20E1C7-6E8A-325D-F17C-95BAC867B73B" value="true"/>
</engineerTo>
<referedAttribute>5CBEDDBB-A8E5-5BF2-8A94-1FE47787AFDB</referedAttribute>
<useDomainConstraints>false</useDomainConstraints>
<use>1</use>
<logicalDatatype>LOGDT011</logicalDatatype>
<ownDataTypeParameters>,,</ownDataTypeParameters>
</Attribute>
<Attribute name="id_venta" id="47331ED4-DF69-3E28-CD46-B4B2584CE7F8">
<createdBy>Matias</createdBy>
<createdTime>2024-09-24 21:50:02 UTC</createdTime>
<generatorID>247E532C-8EFA-FD60-82DE-55AC690CE03F</generatorID>
<ownerDesignName>Base_Datos</ownerDesignName>
<engineerTo>
<item key="5E20E1C7-6E8A-325D-F17C-95BAC867B73B" value="true"/>
</engineerTo>
<referedAttribute>9FA09E07-2912-9EC9-63D6-D032D50EDCE1</referedAttribute>
<useDomainConstraints>false</useDomainConstraints>
<use>1</use>
<logicalDatatype>LOGDT011</logicalDatatype>
<ownDataTypeParameters>,,</ownDataTypeParameters>
</Attribute>
<Attribute name="id_carrito" id="96BADFDA-6D51-CF0F-A87E-E85B900CD50D">
<createdBy>Matias</createdBy>
<createdTime>2024-09-24 21:50:02 UTC</createdTime>
<generatorID>247E532C-8EFA-FD60-82DE-55AC690CE03F</generatorID>
<ownerDesignName>Base_Datos</ownerDesignName>
<engineerTo>
<item key="5E20E1C7-6E8A-325D-F17C-95BAC867B73B" value="true"/>
</engineerTo>
<referedAttribute>D0056A03-6B97-2B1C-A423-D085A5049352</referedAttribute>
<useDomainConstraints>false</useDomainConstraints>
<use>1</use>
<logicalDatatype>LOGDT011</logicalDatatype>
<ownDataTypeParameters>,,</ownDataTypeParameters>
</Attribute>
</attributes>
<identifiers itemClass="oracle.dbtools.crest.model.design.logical.CandidateKey">
<identifier id="97C3B51A-0135-9BC3-B004-6AB7560A913C" name="Transaccion PK">
<createdBy>Matias</createdBy>
<createdTime>2024-09-23 23:31:50 UTC</createdTime>
<ownerDesignName>Base_Datos</ownerDesignName>
<engineerTo>
<item key="5E20E1C7-6E8A-325D-F17C-95BAC867B73B" value="true"/>
</engineerTo>
<pk>true</pk>
<usedAttributes>
<attributeRef>555A6FF0-207E-1C20-AA53-B7B0E4591872</attributeRef>
<attributeRef>96BADFDA-6D51-CF0F-A87E-E85B900CD50D</attributeRef>
<attributeRef>47331ED4-DF69-3E28-CD46-B4B2584CE7F8</attributeRef>
</usedAttributes>
</identifier>
</identifiers>
</Entity>