<?xml version = '1.0' encoding = 'UTF-8'?>
<Entity class="oracle.dbtools.crest.model.design.logical.Entity" directorySegmentName="seg_0" id="74078DBD-4275-F7CC-210E-CD5BF8868E2E" name="ChatBot">
<createdBy>Matias</createdBy>
<createdTime>2024-09-23 21:19:05 UTC</createdTime>
<ownerDesignName>Base_Datos</ownerDesignName>
<engineerTo>
<item key="5E20E1C7-6E8A-325D-F17C-95BAC867B73B" value="true"/>
</engineerTo>
<adequatelyNormalized>NO</adequatelyNormalized>
<expectedVolumes>0</expectedVolumes>
<fwdEngineeringStrategyName>Single Table</fwdEngineeringStrategyName>
<growthPercent>0</growthPercent>
<growthType>Year</growthType>
<maxVolumes>9999999</maxVolumes>
<minVolumes>0</minVolumes>
<normalForm>Third</normalForm>
<attributes itemClass="oracle.dbtools.crest.model.design.logical.Attribute">
<Attribute name="id_chatbot" id="272DE6B7-FB15-40D8-C723-6D28F38F3425">
<createdBy>Matias</createdBy>
<createdTime>2024-09-23 21:19:16 UTC</createdTime>
<ownerDesignName>Base_Datos</ownerDesignName>
<engineerTo>
<item key="5E20E1C7-6E8A-325D-F17C-95BAC867B73B" value="true"/>
</engineerTo>
<useDomainConstraints>false</useDomainConstraints>
<use>1</use>
<logicalDatatype>LOGDT011</logicalDatatype>
<ownDataTypeParameters>,,</ownDataTypeParameters>
</Attribute>
<Attribute name="preguntas_cliente" id="2F3A02B8-EDE8-2A37-62F9-8D11B0B43320">
<createdBy>Matias</createdBy>
<createdTime>2024-09-23 21:20:03 UTC</createdTime>
<ownerDesignName>Base_Datos</ownerDesignName>
<engineerTo>
<item key="5E20E1C7-6E8A-325D-F17C-95BAC867B73B" value="true"/>
</engineerTo>
<useDomainConstraints>false</useDomainConstraints>
<use>1</use>
<logicalDatatype>LOGDT024</logicalDatatype>
<dataTypeSize>200</dataTypeSize>
<ownDataTypeParameters>200,,</ownDataTypeParameters>
</Attribute>
<Attribute name="respuestas_chatbot" id="321F5961-96B7-F918-2E28-4AB95851828E">
<createdBy>Matias</createdBy>
<createdTime>2024-09-23 21:20:29 UTC</createdTime>
<ownerDesignName>Base_Datos</ownerDesignName>
<engineerTo>
<item key="5E20E1C7-6E8A-325D-F17C-95BAC867B73B" value="true"/>
</engineerTo>
<useDomainConstraints>false</useDomainConstraints>
<use>1</use>
<logicalDatatype>LOGDT024</logicalDatatype>
<dataTypeSize>500</dataTypeSize>
<ownDataTypeParameters>500,,</ownDataTypeParameters>
</Attribute>
<Attribute name="fecha_intereaccion" id="314B3431-B522-AD42-CCF5-9669F3FC5084">
<createdBy>Matias</createdBy>
<createdTime>2024-09-23 21:20:51 UTC</createdTime>
<ownerDesignName>Base_Datos</ownerDesignName>
<engineerTo>
<item key="5E20E1C7-6E8A-325D-F17C-95BAC867B73B" value="true"/>
</engineerTo>
<useDomainConstraints>false</useDomainConstraints>
<use>1</use>
<logicalDatatype>LOGDT008</logicalDatatype>
<ownDataTypeParameters>,,</ownDataTypeParameters>
</Attribute>
<Attribute name="Rut_cliente" id="37FE71A3-8E5F-31FD-27AC-48484F79EC3E">
<createdBy>Matias</createdBy>
<createdTime>2024-09-23 23:23:44 UTC</createdTime>
<generatorID>E051F141-BA90-EE44-8007-ADD3E048AEEE</generatorID>
<ownerDesignName>Base_Datos</ownerDesignName>
<engineerTo>
<item key="5E20E1C7-6E8A-325D-F17C-95BAC867B73B" value="true"/>
</engineerTo>
<referedAttribute>826249D8-41BC-C1AD-E10C-8E352D0837B3</referedAttribute>
<useDomainConstraints>false</useDomainConstraints>
<use>1</use>
<logicalDatatype>LOGDT011</logicalDatatype>
<ownDataTypeParameters>,,</ownDataTypeParameters>
</Attribute>
<Attribute name="tipo_estado" id="17CABB4A-A01D-07F6-6603-C94661E75AFC">
<createdBy>Matias</createdBy>
<createdTime>2024-09-24 20:34:02 UTC</createdTime>
<ownerDesignName>Base_Datos</ownerDesignName>
<engineerTo>
<item key="5E20E1C7-6E8A-325D-F17C-95BAC867B73B" value="true"/>
</engineerTo>
<useDomainConstraints>false</useDomainConstraints>
<use>1</use>
<logicalDatatype>LOGDT024</logicalDatatype>
<dataTypeSize>100 CHAR</dataTypeSize>
<ownDataTypeParameters>100 CHAR,,</ownDataTypeParameters>
</Attribute>
</attributes>
<identifiers itemClass="oracle.dbtools.crest.model.design.logical.CandidateKey">
<identifier id="7123BFAF-28B0-9547-0CC5-49A9EBAA0EF4" name="Intereccion PK">
<createdBy>Matias</createdBy>
<createdTime>2024-09-23 21:20:01 UTC</createdTime>
<ownerDesignName>Base_Datos</ownerDesignName>
<shouldEngineer>false</shouldEngineer>
<engineerTo>
<item key="5E20E1C7-6E8A-325D-F17C-95BAC867B73B" value="false"/>
</engineerTo>
<pk>true</pk>
<usedAttributes>
<attributeRef>272DE6B7-FB15-40D8-C723-6D28F38F3425</attributeRef>
</usedAttributes>
</identifier>
</identifiers>
</Entity>