<?xml version = '1.0' encoding = 'UTF-8'?>
<Entity class="oracle.dbtools.crest.model.design.logical.Entity" directorySegmentName="seg_0" id="7665ACBD-CB26-B60A-FF84-D168BF20DE60" name="Venta">
<createdBy>Matias</createdBy>
<createdTime>2024-09-23 22:11:49 UTC</createdTime>
<ownerDesignName>Base_Datos</ownerDesignName>
<engineerTo>
<item key="5E20E1C7-6E8A-325D-F17C-95BAC867B73B" value="true"/>
</engineerTo>
<adequatelyNormalized>NO</adequatelyNormalized>
<expectedVolumes>0</expectedVolumes>
<fwdEngineeringStrategyName>Single Table</fwdEngineeringStrategyName>
<growthPercent>0</growthPercent>
<growthType>Year</growthType>
<maxVolumes>9999999</maxVolumes>
<minVolumes>0</minVolumes>
<normalForm>Third</normalForm>
<attributes itemClass="oracle.dbtools.crest.model.design.logical.Attribute">
<Attribute name="Rut_cliente" id="E9F424A4-E1B8-BAA1-B088-C20AD677EDFE">
<createdBy>Matias</createdBy>
<createdTime>2024-09-23 23:23:44 UTC</createdTime>
<generatorID>C9BD033B-8025-79C8-0F09-CA1F20C07558</generatorID>
<ownerDesignName>Base_Datos</ownerDesignName>
<engineerTo>
<item key="5E20E1C7-6E8A-325D-F17C-95BAC867B73B" value="true"/>
</engineerTo>
<referedAttribute>826249D8-41BC-C1AD-E10C-8E352D0837B3</referedAttribute>
<useDomainConstraints>false</useDomainConstraints>
<use>1</use>
<logicalDatatype>LOGDT011</logicalDatatype>
<ownDataTypeParameters>,,</ownDataTypeParameters>
</Attribute>
<Attribute name="id_venta" id="9FA09E07-2912-9EC9-63D6-D032D50EDCE1">
<createdBy>Matias</createdBy>
<createdTime>2024-09-23 23:29:16 UTC</createdTime>
<ownerDesignName>Base_Datos</ownerDesignName>
<engineerTo>
<item key="5E20E1C7-6E8A-325D-F17C-95BAC867B73B" value="true"/>
</engineerTo>
<useDomainConstraints>false</useDomainConstraints>
<use>1</use>
<logicalDatatype>LOGDT011</logicalDatatype>
<ownDataTypeParameters>,,</ownDataTypeParameters>
</Attribute>
<Attribute name="fecha_venta" id="D19CD476-0C61-44C0-81AE-DD0D14E6EBD3">
<createdBy>Matias</createdBy>
<createdTime>2024-09-23 23:29:26 UTC</createdTime>
<ownerDesignName>Base_Datos</ownerDesignName>
<engineerTo>
<item key="5E20E1C7-6E8A-325D-F17C-95BAC867B73B" value="true"/>
</engineerTo>
<useDomainConstraints>false</useDomainConstraints>
<use>1</use>
<logicalDatatype>LOGDT008</logicalDatatype>
<ownDataTypeParameters>,,</ownDataTypeParameters>
</Attribute>
<Attribute name="estado_venta" id="F419A8A6-E55E-7BFC-8C9B-BBF03728468C">
<createdBy>Matias</createdBy>
<createdTime>2024-09-23 23:29:54 UTC</createdTime>
<ownerDesignName>Base_Datos</ownerDesignName>
<engineerTo>
<item key="5E20E1C7-6E8A-325D-F17C-95BAC867B73B" value="true"/>
</engineerTo>
<useDomainConstraints>false</useDomainConstraints>
<use>1</use>
<logicalDatatype>LOGDT024</logicalDatatype>
<dataTypeSize>100 CHAR</dataTypeSize>
<ownDataTypeParameters>100 CHAR,,</ownDataTypeParameters>
</Attribute>
<Attribute name="total_venta" id="3B4809A0-CE71-9225-BAFB-B92A7AB8A461">
<createdBy>Matias</createdBy>
<createdTime>2024-09-23 23:30:00 UTC</createdTime>
<ownerDesignName>Base_Datos</ownerDesignName>
<engineerTo>
<item key="5E20E1C7-6E8A-325D-F17C-95BAC867B73B" value="true"/>
</engineerTo>
<useDomainConstraints>false</useDomainConstraints>
<use>1</use>
<logicalDatatype>LOGDT019</logicalDatatype>
<ownDataTypeParameters>,,</ownDataTypeParameters>
</Attribute>
<Attribute name="id_carrito" id="D0056A03-6B97-2B1C-A423-D085A5049352">
<createdBy>Matias</createdBy>
<createdTime>2024-09-24 21:48:04 UTC</createdTime>
<generatorID>6337F1EB-B2B9-34AF-A8B9-B5C9B0197784</generatorID>
<ownerDesignName>Base_Datos</ownerDesignName>
<engineerTo>
<item key="5E20E1C7-6E8A-325D-F17C-95BAC867B73B" value="true"/>
</engineerTo>
<referedAttribute>5422DCAD-180B-7D4C-0E6A-3544CC950C85</referedAttribute>
<useDomainConstraints>false</useDomainConstraints>
<use>1</use>
<logicalDatatype>LOGDT011</logicalDatatype>
<ownDataTypeParameters>,,</ownDataTypeParameters>
</Attribute>
</attributes>
<identifiers itemClass="oracle.dbtools.crest.model.design.logical.CandidateKey">
<identifier id="9F9EDF83-3107-BEA0-2D75-AA901FC561BB" name="Venta PK">
<createdBy>Matias</createdBy>
<createdTime>2024-09-23 23:29:21 UTC</createdTime>
<ownerDesignName>Base_Datos</ownerDesignName>
<engineerTo>
<item key="5E20E1C7-6E8A-325D-F17C-95BAC867B73B" value="true"/>
</engineerTo>
<pk>true</pk>
<usedAttributes>
<attributeRef>9FA09E07-2912-9EC9-63D6-D032D50EDCE1</attributeRef>
<attributeRef>D0056A03-6B97-2B1C-A423-D085A5049352</attributeRef>
</usedAttributes>
</identifier>
</identifiers>
</Entity>