<?xml version = '1.0' encoding = 'UTF-8'?>
<Entity class="oracle.dbtools.crest.model.design.logical.Entity" directorySegmentName="seg_0" id="8619912D-A483-FF7E-3A26-27C4F73F3085" name="Administrador_proveedor">
<createdBy>Matias</createdBy>
<createdTime>2024-09-23 22:58:40 UTC</createdTime>
<ownerDesignName>Base_Datos</ownerDesignName>
<engineerTo>
<item key="5E20E1C7-6E8A-325D-F17C-95BAC867B73B" value="true"/>
</engineerTo>
<adequatelyNormalized>NO</adequatelyNormalized>
<expectedVolumes>0</expectedVolumes>
<fwdEngineeringStrategyName>Single Table</fwdEngineeringStrategyName>
<growthPercent>0</growthPercent>
<growthType>Year</growthType>
<maxVolumes>9999999</maxVolumes>
<minVolumes>0</minVolumes>
<normalForm>Third</normalForm>
<attributes itemClass="oracle.dbtools.crest.model.design.logical.Attribute">
<Attribute name="Rut" id="7F0384DF-FF42-97AC-8559-4BB4FB71EBD2">
<createdBy>Matias</createdBy>
<createdTime>2024-09-23 22:59:15 UTC</createdTime>
<generatorID>A968AC92-37F1-1ECF-60A2-29ED0FA3993B</generatorID>
<ownerDesignName>Base_Datos</ownerDesignName>
<engineerTo>
<item key="5E20E1C7-6E8A-325D-F17C-95BAC867B73B" value="true"/>
</engineerTo>
<referedAttribute>675505EE-5973-C2DF-1DC5-261F5F7797EF</referedAttribute>
<useDomainConstraints>false</useDomainConstraints>
<use>1</use>
<logicalDatatype>LOGDT011</logicalDatatype>
<ownDataTypeParameters>,,</ownDataTypeParameters>
</Attribute>
<Attribute name="id_administrador" id="9A031D7C-A357-23C3-245C-1BCA7919B32B">
<createdBy>Matias</createdBy>
<createdTime>2024-09-23 22:59:29 UTC</createdTime>
<generatorID>3D22E038-3EFB-4ED4-00BA-77E36A753801</generatorID>
<ownerDesignName>Base_Datos</ownerDesignName>
<engineerTo>
<item key="5E20E1C7-6E8A-325D-F17C-95BAC867B73B" value="true"/>
</engineerTo>
<referedAttribute>1D007AB7-4B60-5962-7FA3-089A5558C2E6</referedAttribute>
<useDomainConstraints>false</useDomainConstraints>
<use>1</use>
<logicalDatatype>LOGDT011</logicalDatatype>
<ownDataTypeParameters>,,</ownDataTypeParameters>
</Attribute>
</attributes>
</Entity>