<?xml version = '1.0' encoding = 'UTF-8'?>
<Entity class="oracle.dbtools.crest.model.design.logical.Entity" directorySegmentName="seg_0" id="EF447D71-19A0-0949-40A4-CEF12E46DD6A" name="Carrito">
<createdBy>Matias</createdBy>
<createdTime>2024-09-23 23:11:41 UTC</createdTime>
<ownerDesignName>Base_Datos</ownerDesignName>
<engineerTo>
<item key="5E20E1C7-6E8A-325D-F17C-95BAC867B73B" value="true"/>
</engineerTo>
<adequatelyNormalized>NO</adequatelyNormalized>
<expectedVolumes>0</expectedVolumes>
<fwdEngineeringStrategyName>Single Table</fwdEngineeringStrategyName>
<growthPercent>0</growthPercent>
<growthType>Year</growthType>
<maxVolumes>9999999</maxVolumes>
<minVolumes>0</minVolumes>
<normalForm>Third</normalForm>
<attributes itemClass="oracle.dbtools.crest.model.design.logical.Attribute">
<Attribute name="id_carrito" id="5422DCAD-180B-7D4C-0E6A-3544CC950C85">
<createdBy>Matias</createdBy>
<createdTime>2024-09-23 23:11:49 UTC</createdTime>
<ownerDesignName>Base_Datos</ownerDesignName>
<engineerTo>
<item key="5E20E1C7-6E8A-325D-F17C-95BAC867B73B" value="true"/>
</engineerTo>
<useDomainConstraints>false</useDomainConstraints>
<use>1</use>
<logicalDatatype>LOGDT011</logicalDatatype>
<ownDataTypeParameters>,,</ownDataTypeParameters>
</Attribute>
<Attribute name="Fecha_agregado" id="444FECE1-E8F4-7682-F540-2A59F4FBF048">
<createdBy>Matias</createdBy>
<createdTime>2024-09-23 23:11:59 UTC</createdTime>
<ownerDesignName>Base_Datos</ownerDesignName>
<engineerTo>
<item key="5E20E1C7-6E8A-325D-F17C-95BAC867B73B" value="true"/>
</engineerTo>
<useDomainConstraints>false</useDomainConstraints>
<use>1</use>
<logicalDatatype>LOGDT008</logicalDatatype>
<ownDataTypeParameters>,,</ownDataTypeParameters>
</Attribute>
<Attribute name="estado_carrito" id="CADFEA94-5577-0A11-1B46-C14524EA1C8E">
<createdBy>Matias</createdBy>
<createdTime>2024-09-23 23:16:11 UTC</createdTime>
<ownerDesignName>Base_Datos</ownerDesignName>
<engineerTo>
<item key="5E20E1C7-6E8A-325D-F17C-95BAC867B73B" value="true"/>
</engineerTo>
<useDomainConstraints>false</useDomainConstraints>
<use>1</use>
<logicalDatatype>LOGDT020</logicalDatatype>
<ownDataTypeParameters>,,</ownDataTypeParameters>
</Attribute>
<Attribute name="Monto_Total" id="B5623832-3589-ACB7-71CF-D86BA238A5EE">
<createdBy>Matias</createdBy>
<createdTime>2024-09-23 23:16:48 UTC</createdTime>
<ownerDesignName>Base_Datos</ownerDesignName>
<engineerTo>
<item key="5E20E1C7-6E8A-325D-F17C-95BAC867B73B" value="true"/>
</engineerTo>
<useDomainConstraints>false</useDomainConstraints>
<use>1</use>
<logicalDatatype>LOGDT019</logicalDatatype>
<ownDataTypeParameters>,,</ownDataTypeParameters>
</Attribute>
<Attribute name="Rut_cliente" id="87AB4C17-B853-7713-508A-36E73EFA24D8">
<createdBy>Matias</createdBy>
<createdTime>2024-09-23 23:23:44 UTC</createdTime>
<generatorID>E29C0DF8-41E5-AF84-F29F-14F0E26E26F9</generatorID>
<ownerDesignName>Base_Datos</ownerDesignName>
<engineerTo>
<item key="5E20E1C7-6E8A-325D-F17C-95BAC867B73B" value="true"/>
</engineerTo>
<referedAttribute>826249D8-41BC-C1AD-E10C-8E352D0837B3</referedAttribute>
<useDomainConstraints>false</useDomainConstraints>
<use>1</use>
<logicalDatatype>LOGDT011</logicalDatatype>
<ownDataTypeParameters>,,</ownDataTypeParameters>
</Attribute>
</attributes>
<identifiers itemClass="oracle.dbtools.crest.model.design.logical.CandidateKey">
<identifier id="7010E633-1D80-E020-12CA-822FA56306E1" name="Carrito PK">
<createdBy>Matias</createdBy>
<createdTime>2024-09-23 23:11:58 UTC</createdTime>
<ownerDesignName>Base_Datos</ownerDesignName>
<shouldEngineer>false</shouldEngineer>
<engineerTo>
<item key="5E20E1C7-6E8A-325D-F17C-95BAC867B73B" value="false"/>
</engineerTo>
<pk>true</pk>
<usedAttributes>
<attributeRef>5422DCAD-180B-7D4C-0E6A-3544CC950C85</attributeRef>
</usedAttributes>
</identifier>
</identifiers>
</Entity>