<?xml version = '1.0' encoding = 'UTF-8'?>
<FKIndexAssociation class="oracle.dbtools.crest.model.design.relational.FKIndexAssociation" directorySegmentName="seg_0" id="19705455-D636-2C5D-A55E-AC92EBB5FDFB" containerWithKeyObject="28BA80A1-5687-FEAD-C710-3FA26A5805DE" localFKIndex="91B78E6D-AD61-7CB0-7678-9E0A57F1DAA8" name="Reporte_Proveedor_FK">
<createdBy>Matias</createdBy>
<createdTime>2024-09-24 23:21:43 UTC</createdTime>
<generatorID>21E6F101-0DD5-653C-26E8-7F37BF91EACB</generatorID>
<ownerDesignName>Base_Datos</ownerDesignName>
<referredTableLongName>Proveedor</referredTableLongName>
<deleteRule>NO ACTION</deleteRule>
<referredTableID>67DBF785-09EE-FC1D-9622-81208463C8F3</referredTableID>
<keyObject>549C789B-55B3-83E8-3828-497907812BF4</keyObject>
<referredKeyID>549C789B-55B3-83E8-3828-497907812BF4</referredKeyID>
<mandatory>true</mandatory>
<refColNames>Rut</refColNames>
<transferable>true</transferable>
<rely>false</rely>
<columnDependencyConstraintGenerateInDDL>true</columnDependencyConstraintGenerateInDDL>
</FKIndexAssociation>