<?xml version = '1.0' encoding = 'UTF-8'?>
<FKIndexAssociation class="oracle.dbtools.crest.model.design.relational.FKIndexAssociation" directorySegmentName="seg_0" id="2F654FD7-8B55-B98C-876F-E539ECA0DF6A" containerWithKeyObject="64D55341-B3DD-AC69-3851-E721EC4E5F75" localFKIndex="C5642611-00FA-5A3C-4B8D-BF8D974A4D02" name="Direccion_Proveedor_FK">
<createdBy>Matias</createdBy>
<createdTime>2024-09-24 23:21:43 UTC</createdTime>
<generatorID>3780857C-B3DC-5C0D-249C-85CC95FC8557</generatorID>
<ownerDesignName>Base_Datos</ownerDesignName>
<referredTableLongName>Proveedor</referredTableLongName>
<deleteRule>NO ACTION</deleteRule>
<referredTableID>67DBF785-09EE-FC1D-9622-81208463C8F3</referredTableID>
<keyObject>549C789B-55B3-83E8-3828-497907812BF4</keyObject>
<referredKeyID>549C789B-55B3-83E8-3828-497907812BF4</referredKeyID>
<mandatory>true</mandatory>
<refColNames>Rut</refColNames>
<transferable>true</transferable>
<rely>false</rely>
<columnDependencyConstraintGenerateInDDL>true</columnDependencyConstraintGenerateInDDL>
</FKIndexAssociation>