<?xml version = '1.0' encoding = 'UTF-8'?>
<FKIndexAssociation class="oracle.dbtools.crest.model.design.relational.FKIndexAssociation" directorySegmentName="seg_0" id="31EAD9B8-507A-104A-2C9E-F56BE263B8C1" containerWithKeyObject="39833169-F798-0462-753C-FE52B21C47B0" localFKIndex="C4B81BE9-0C57-95DF-D16F-FDD7AC1EBF41" name="Administrador_proveedor_Proveedor_FK">
<createdBy>Matias</createdBy>
<createdTime>2024-09-24 23:21:43 UTC</createdTime>
<generatorID>A968AC92-37F1-1ECF-60A2-29ED0FA3993B</generatorID>
<ownerDesignName>Base_Datos</ownerDesignName>
<referredTableLongName>Proveedor</referredTableLongName>
<deleteRule>NO ACTION</deleteRule>
<referredTableID>67DBF785-09EE-FC1D-9622-81208463C8F3</referredTableID>
<keyObject>549C789B-55B3-83E8-3828-497907812BF4</keyObject>
<referredKeyID>549C789B-55B3-83E8-3828-497907812BF4</referredKeyID>
<mandatory>true</mandatory>
<refColNames>Rut</refColNames>
<transferable>true</transferable>
<rely>false</rely>
<columnDependencyConstraintGenerateInDDL>true</columnDependencyConstraintGenerateInDDL>
</FKIndexAssociation>