<?xml version = '1.0' encoding = 'UTF-8'?>
<FKIndexAssociation class="oracle.dbtools.crest.model.design.relational.FKIndexAssociation" directorySegmentName="seg_0" id="385AEC22-A3F4-0403-4095-DC95DD829D4F" containerWithKeyObject="BC6B64FF-8832-13A9-F0BB-92E98E74BE79" localFKIndex="A2872EE9-8514-8FEE-12F4-EBC532C60C79" name="Carrito_Cliente_FK">
<createdBy>Matias</createdBy>
<createdTime>2024-09-24 23:21:43 UTC</createdTime>
<generatorID>E29C0DF8-41E5-AF84-F29F-14F0E26E26F9</generatorID>
<ownerDesignName>Base_Datos</ownerDesignName>
<referredTableLongName>Cliente</referredTableLongName>
<deleteRule>NO ACTION</deleteRule>
<referredTableID>8815785A-40A1-52A3-767A-5DAC02A31BD9</referredTableID>
<keyObject>FD8B9BB6-9EF4-79C2-084E-34132620A668</keyObject>
<referredKeyID>FD8B9BB6-9EF4-79C2-084E-34132620A668</referredKeyID>
<mandatory>true</mandatory>
<refColNames>Rut_cliente</refColNames>
<transferable>true</transferable>
<rely>false</rely>
<columnDependencyConstraintGenerateInDDL>true</columnDependencyConstraintGenerateInDDL>
</FKIndexAssociation>