<?xml version = '1.0' encoding = 'UTF-8'?>
<FKIndexAssociation class="oracle.dbtools.crest.model.design.relational.FKIndexAssociation" directorySegmentName="seg_0" id="39054D69-E93E-2644-8729-567F65C18BE0" containerWithKeyObject="ED96CAC9-D545-9CBA-3A23-A403A5E2EC70" localFKIndex="4458D8D1-A5DA-2AE5-8F8A-97D7D46799EC" name="Provincia_Region_FK">
<createdBy>Matias</createdBy>
<createdTime>2024-09-24 23:21:43 UTC</createdTime>
<generatorID>B454DF3E-45C7-E074-3C9C-AD038AF13F79</generatorID>
<ownerDesignName>Base_Datos</ownerDesignName>
<referredTableLongName>Region</referredTableLongName>
<deleteRule>NO ACTION</deleteRule>
<referredTableID>0C93515B-4818-D5C0-ECC0-C47505499B18</referredTableID>
<keyObject>4F9221EB-3084-893B-1CCB-FF25D88C9FF9</keyObject>
<referredKeyID>4F9221EB-3084-893B-1CCB-FF25D88C9FF9</referredKeyID>
<mandatory>true</mandatory>
<refColNames>id_region</refColNames>
<transferable>true</transferable>
<rely>false</rely>
<columnDependencyConstraintGenerateInDDL>true</columnDependencyConstraintGenerateInDDL>
</FKIndexAssociation>