<?xml version = '1.0' encoding = 'UTF-8'?>
<FKIndexAssociation class="oracle.dbtools.crest.model.design.relational.FKIndexAssociation" directorySegmentName="seg_0" id="48CB67FF-2BAD-B8B1-C141-98E744DCDA0F" containerWithKeyObject="F28188AC-F07A-CD53-87E5-BE5DB9A50566" localFKIndex="E702FBB7-231A-95AA-6771-4CC8557D8CC9" name="Detalle_Producto_Producto_FK">
<createdBy>Matias</createdBy>
<createdTime>2024-09-24 23:21:43 UTC</createdTime>
<generatorID>04517914-F3B9-8FF7-6DCD-2E1A01FCACB3</generatorID>
<ownerDesignName>Base_Datos</ownerDesignName>
<referredTableLongName>Producto</referredTableLongName>
<deleteRule>NO ACTION</deleteRule>
<referredTableID>5163FD5B-1BAA-DA14-3444-7A48310ADA56</referredTableID>
<keyObject>42FD5527-0449-87B8-7B9B-C494285F1317</keyObject>
<referredKeyID>42FD5527-0449-87B8-7B9B-C494285F1317</referredKeyID>
<mandatory>true</mandatory>
<refColNames>Codigo_Producto</refColNames>
<transferable>true</transferable>
<rely>false</rely>
<columnDependencyConstraintGenerateInDDL>true</columnDependencyConstraintGenerateInDDL>
</FKIndexAssociation>