<?xml version = '1.0' encoding = 'UTF-8'?>
<FKIndexAssociation class="oracle.dbtools.crest.model.design.relational.FKIndexAssociation" directorySegmentName="seg_0" id="4F2F175F-1E84-423D-90F7-AB34B045C545" containerWithKeyObject="DDB87FED-5394-B333-50A9-292B15B2CEC3" localFKIndex="F0C5E2B6-7284-1B21-8EF8-D3D9F3209714" name="Producto_venta_Producto_FK">
<createdBy>Matias</createdBy>
<createdTime>2024-09-24 23:21:43 UTC</createdTime>
<generatorID>CFDE59B1-369D-998A-F949-20A75CE47FB4</generatorID>
<ownerDesignName>Base_Datos</ownerDesignName>
<referredTableLongName>Producto</referredTableLongName>
<deleteRule>NO ACTION</deleteRule>
<referredTableID>5163FD5B-1BAA-DA14-3444-7A48310ADA56</referredTableID>
<keyObject>42FD5527-0449-87B8-7B9B-C494285F1317</keyObject>
<referredKeyID>42FD5527-0449-87B8-7B9B-C494285F1317</referredKeyID>
<mandatory>true</mandatory>
<refColNames>Codigo_Producto</refColNames>
<transferable>true</transferable>
<rely>false</rely>
<columnDependencyConstraintGenerateInDDL>true</columnDependencyConstraintGenerateInDDL>
</FKIndexAssociation>