<?xml version = '1.0' encoding = 'UTF-8'?>
<FKIndexAssociation class="oracle.dbtools.crest.model.design.relational.FKIndexAssociation" directorySegmentName="seg_0" id="564BA199-D7FC-82B7-4B90-AC1249B7183A" containerWithKeyObject="93C8F441-00BD-FDCE-47FE-3254E40CE511" localFKIndex="D04B7266-C10C-4410-AD27-08526C49D444" name="Comuna_Provincia_FK">
<createdBy>Matias</createdBy>
<createdTime>2024-09-24 23:21:43 UTC</createdTime>
<generatorID>5AA723D3-196D-B255-46CB-8F9BEEFBDD5D</generatorID>
<ownerDesignName>Base_Datos</ownerDesignName>
<referredTableLongName>Provincia</referredTableLongName>
<deleteRule>NO ACTION</deleteRule>
<referredTableID>ED96CAC9-D545-9CBA-3A23-A403A5E2EC70</referredTableID>
<keyObject>28574FAB-5C2B-73EC-DBA4-E8AA68993743</keyObject>
<referredKeyID>28574FAB-5C2B-73EC-DBA4-E8AA68993743</referredKeyID>
<mandatory>true</mandatory>
<refColNames>id_provincia</refColNames>
<transferable>true</transferable>
<rely>false</rely>
<columnDependencyConstraintGenerateInDDL>true</columnDependencyConstraintGenerateInDDL>
</FKIndexAssociation>