<?xml version = '1.0' encoding = 'UTF-8'?>
<FKIndexAssociation class="oracle.dbtools.crest.model.design.relational.FKIndexAssociation" directorySegmentName="seg_0" id="66A12DEE-91DF-0A21-2E2D-2808FC711752" containerWithKeyObject="64D55341-B3DD-AC69-3851-E721EC4E5F75" localFKIndex="CD0A5ABD-0C4B-41BA-EB10-06E3EE3AB0FA" name="Direccion_Cliente_FK">
<createdBy>Matias</createdBy>
<createdTime>2024-09-24 23:21:43 UTC</createdTime>
<generatorID>E2CABBFE-F3BF-0EDF-0169-807BA76804E7</generatorID>
<ownerDesignName>Base_Datos</ownerDesignName>
<referredTableLongName>Cliente</referredTableLongName>
<deleteRule>NO ACTION</deleteRule>
<referredTableID>8815785A-40A1-52A3-767A-5DAC02A31BD9</referredTableID>
<keyObject>FD8B9BB6-9EF4-79C2-084E-34132620A668</keyObject>
<referredKeyID>FD8B9BB6-9EF4-79C2-084E-34132620A668</referredKeyID>
<mandatory>true</mandatory>
<refColNames>Rut_cliente</refColNames>
<transferable>true</transferable>
<rely>false</rely>
<columnDependencyConstraintGenerateInDDL>true</columnDependencyConstraintGenerateInDDL>
</FKIndexAssociation>