<?xml version = '1.0' encoding = 'UTF-8'?>
<FKIndexAssociation class="oracle.dbtools.crest.model.design.relational.FKIndexAssociation" directorySegmentName="seg_0" id="7DFD5B44-5BC9-4975-302B-92E0DD2915B9" containerWithKeyObject="9A033F43-4F3B-530F-1F09-985C125B0D3A" localFKIndex="C1D68F77-BEAC-6138-2622-D8A7BC2827C0" name="Calificacion_Proveedor_FK">
<createdBy>Matias</createdBy>
<createdTime>2024-09-24 23:21:43 UTC</createdTime>
<generatorID>EBB0F3D6-288E-B886-CED2-5097D34E176D</generatorID>
<ownerDesignName>Base_Datos</ownerDesignName>
<referredTableLongName>Proveedor</referredTableLongName>
<deleteRule>NO ACTION</deleteRule>
<referredTableID>67DBF785-09EE-FC1D-9622-81208463C8F3</referredTableID>
<keyObject>549C789B-55B3-83E8-3828-497907812BF4</keyObject>
<referredKeyID>549C789B-55B3-83E8-3828-497907812BF4</referredKeyID>
<mandatory>true</mandatory>
<refColNames>Rut</refColNames>
<transferable>true</transferable>
<rely>false</rely>
<columnDependencyConstraintGenerateInDDL>true</columnDependencyConstraintGenerateInDDL>
</FKIndexAssociation>