<?xml version = '1.0' encoding = 'UTF-8'?>
<FKIndexAssociation class="oracle.dbtools.crest.model.design.relational.FKIndexAssociation" directorySegmentName="seg_0" id="8DEB28F9-7104-66EC-C433-6248FC65A600" containerWithKeyObject="1878A143-B648-B415-33AC-8B1A7A6040EF" localFKIndex="F2388BBD-3129-2578-A8FD-DE760040505E" name="Venta_Carrito_FK">
<createdBy>Matias</createdBy>
<createdTime>2024-09-24 23:21:43 UTC</createdTime>
<generatorID>0FC31132-2054-17FD-51FB-F8E357AA6D29</generatorID>
<ownerDesignName>Base_Datos</ownerDesignName>
<referredTableLongName>Carrito</referredTableLongName>
<deleteRule>NO ACTION</deleteRule>
<referredTableID>BC6B64FF-8832-13A9-F0BB-92E98E74BE79</referredTableID>
<keyObject>D4F1294B-3931-79F2-5EBE-349D94D79EF5</keyObject>
<referredKeyID>D4F1294B-3931-79F2-5EBE-349D94D79EF5</referredKeyID>
<mandatory>true</mandatory>
<refColNames>id_carrito</refColNames>
<transferable>true</transferable>
<rely>false</rely>
<columnDependencyConstraintGenerateInDDL>true</columnDependencyConstraintGenerateInDDL>
</FKIndexAssociation>