<?xml version = '1.0' encoding = 'UTF-8'?>
<FKIndexAssociation class="oracle.dbtools.crest.model.design.relational.FKIndexAssociation" directorySegmentName="seg_0" id="903D23E0-92CD-613D-A999-83506169436B" containerWithKeyObject="1878A143-B648-B415-33AC-8B1A7A6040EF" localFKIndex="F1BFDE4E-1D43-C1E8-8BB0-EC1398C46659" name="Venta_Cliente_FK">
<createdBy>Matias</createdBy>
<createdTime>2024-09-24 23:21:43 UTC</createdTime>
<generatorID>C9BD033B-8025-79C8-0F09-CA1F20C07558</generatorID>
<ownerDesignName>Base_Datos</ownerDesignName>
<referredTableLongName>Cliente</referredTableLongName>
<deleteRule>NO ACTION</deleteRule>
<referredTableID>8815785A-40A1-52A3-767A-5DAC02A31BD9</referredTableID>
<keyObject>FD8B9BB6-9EF4-79C2-084E-34132620A668</keyObject>
<referredKeyID>FD8B9BB6-9EF4-79C2-084E-34132620A668</referredKeyID>
<mandatory>true</mandatory>
<refColNames>Rut_cliente</refColNames>
<transferable>true</transferable>
<rely>false</rely>
<columnDependencyConstraintGenerateInDDL>true</columnDependencyConstraintGenerateInDDL>
</FKIndexAssociation>