<?xml version = '1.0' encoding = 'UTF-8'?>
<FKIndexAssociation class="oracle.dbtools.crest.model.design.relational.FKIndexAssociation" directorySegmentName="seg_0" id="C25409A1-71D7-76F4-55FF-6764C09A9950" containerWithKeyObject="5163FD5B-1BAA-DA14-3444-7A48310ADA56" localFKIndex="D5CB294E-1B4A-8EA3-F433-F7ECF7C61A04" name="Producto_Categoria_FK">
<createdBy>Matias</createdBy>
<createdTime>2024-09-24 23:21:43 UTC</createdTime>
<generatorID>87467850-485B-ED78-C23C-17942BCDFC04</generatorID>
<ownerDesignName>Base_Datos</ownerDesignName>
<referredTableLongName>Categoria</referredTableLongName>
<deleteRule>NO ACTION</deleteRule>
<referredTableID>24B84754-AE06-E4D9-9CF2-2901041D2A79</referredTableID>
<keyObject>35D1519C-1345-3937-DCEB-529B463D0DFD</keyObject>
<referredKeyID>35D1519C-1345-3937-DCEB-529B463D0DFD</referredKeyID>
<mandatory>true</mandatory>
<refColNames>id_categoria</refColNames>
<transferable>true</transferable>
<rely>false</rely>
<columnDependencyConstraintGenerateInDDL>true</columnDependencyConstraintGenerateInDDL>
</FKIndexAssociation>