<?xml version = '1.0' encoding = 'UTF-8'?>
<FKIndexAssociation class="oracle.dbtools.crest.model.design.relational.FKIndexAssociation" directorySegmentName="seg_0" id="DC5DCAEB-FB96-4FB6-04D2-4116C86123EE" containerWithKeyObject="39833169-F798-0462-753C-FE52B21C47B0" localFKIndex="CB439D81-1ACC-31DE-57D0-C651984D556A" name="Administrador_proveedor_Administrador_FK">
<createdBy>Matias</createdBy>
<createdTime>2024-09-24 23:21:43 UTC</createdTime>
<generatorID>3D22E038-3EFB-4ED4-00BA-77E36A753801</generatorID>
<ownerDesignName>Base_Datos</ownerDesignName>
<referredTableLongName>Administrador</referredTableLongName>
<deleteRule>NO ACTION</deleteRule>
<referredTableID>9E92774A-E202-2FEC-231E-A5E84DC79EC7</referredTableID>
<keyObject>E1369AE5-7A87-1B7F-B317-56F08EFEDF4A</keyObject>
<referredKeyID>E1369AE5-7A87-1B7F-B317-56F08EFEDF4A</referredKeyID>
<mandatory>true</mandatory>
<refColNames>id_administrador</refColNames>
<transferable>true</transferable>
<rely>false</rely>
<columnDependencyConstraintGenerateInDDL>true</columnDependencyConstraintGenerateInDDL>
</FKIndexAssociation>