<?xml version = '1.0' encoding = 'UTF-8'?>
<FKIndexAssociation class="oracle.dbtools.crest.model.design.relational.FKIndexAssociation" directorySegmentName="seg_0" id="F5DA8764-96B1-D96A-6CE3-AD4607793D86" containerWithKeyObject="28BA80A1-5687-FEAD-C710-3FA26A5805DE" localFKIndex="5BD56641-DC5C-D038-BF2A-5C8B9D2C9297" name="Reporte_Administrador_FK">
<createdBy>Matias</createdBy>
<createdTime>2024-09-24 23:21:43 UTC</createdTime>
<generatorID>3832A9E2-BA8E-CF24-2201-58F462F697BB</generatorID>
<ownerDesignName>Base_Datos</ownerDesignName>
<referredTableLongName>Administrador</referredTableLongName>
<deleteRule>NO ACTION</deleteRule>
<referredTableID>9E92774A-E202-2FEC-231E-A5E84DC79EC7</referredTableID>
<keyObject>E1369AE5-7A87-1B7F-B317-56F08EFEDF4A</keyObject>
<referredKeyID>E1369AE5-7A87-1B7F-B317-56F08EFEDF4A</referredKeyID>
<mandatory>true</mandatory>
<refColNames>id_administrador</refColNames>
<transferable>true</transferable>
<rely>false</rely>
<columnDependencyConstraintGenerateInDDL>true</columnDependencyConstraintGenerateInDDL>
</FKIndexAssociation>