<?xml version = '1.0' encoding = 'UTF-8'?>
<FKIndexAssociation class="oracle.dbtools.crest.model.design.relational.FKIndexAssociation" directorySegmentName="seg_0" id="FB9A3A9C-56F8-FBE5-86CF-852A119DD2CD" containerWithKeyObject="5163FD5B-1BAA-DA14-3444-7A48310ADA56" localFKIndex="DD5E1687-EA0D-462E-4A21-A66D5FF627A0" name="Producto_Proveedor_FK">
<createdBy>Matias</createdBy>
<createdTime>2024-09-24 23:21:43 UTC</createdTime>
<generatorID>CB194FC2-B741-2FCC-1FE1-216773A9BE68</generatorID>
<ownerDesignName>Base_Datos</ownerDesignName>
<referredTableLongName>Proveedor</referredTableLongName>
<deleteRule>NO ACTION</deleteRule>
<referredTableID>67DBF785-09EE-FC1D-9622-81208463C8F3</referredTableID>
<keyObject>549C789B-55B3-83E8-3828-497907812BF4</keyObject>
<referredKeyID>549C789B-55B3-83E8-3828-497907812BF4</referredKeyID>
<mandatory>true</mandatory>
<refColNames>Rut</refColNames>
<transferable>true</transferable>
<rely>false</rely>
<columnDependencyConstraintGenerateInDDL>true</columnDependencyConstraintGenerateInDDL>
</FKIndexAssociation>