<?xml version = '1.0' encoding = 'UTF-8'?>
<Table class="oracle.dbtools.crest.model.design.relational.Table" directorySegmentName="seg_0" id="28BA80A1-5687-FEAD-C710-3FA26A5805DE" name="Reporte">
<createdBy>Matias</createdBy>
<createdTime>2024-09-24 23:21:43 UTC</createdTime>
<generatorID>38D8A5E5-9DAE-FF81-C169-02BC03F4CF6C</generatorID>
<ownerDesignName>Base_Datos</ownerDesignName>
<allowColumnReorder>false</allowColumnReorder>
<existDependencyGenerateInDDl>true</existDependencyGenerateInDDl>
<parsed>true</parsed>
<columns itemClass="oracle.dbtools.crest.model.design.relational.Column">
<Column name="id_reporte" id="34095BD7-94FC-846A-945D-7753FDABF678">
<createdBy>Matias</createdBy>
<createdTime>2024-09-24 23:21:43 UTC</createdTime>
<generatorID>A476D1AD-80E5-B491-9F14-FABB05B0041C</generatorID>
<ownerDesignName>Base_Datos</ownerDesignName>
<useDomainConstraints>false</useDomainConstraints>
<use>1</use>
<logicalDatatype>LOGDT011</logicalDatatype>
<ownDataTypeParameters>,,</ownDataTypeParameters>
<autoIncrementCycle>false</autoIncrementCycle>
</Column>
<Column name="tipo_reporte" id="E67C4324-44FA-079F-019B-6BD62F0C0F25">
<createdBy>Matias</createdBy>
<createdTime>2024-09-24 23:21:43 UTC</createdTime>
<generatorID>FF8788AE-F621-4DC4-58D3-150AAA687B91</generatorID>
<ownerDesignName>Base_Datos</ownerDesignName>
<useDomainConstraints>false</useDomainConstraints>
<use>1</use>
<logicalDatatype>LOGDT024</logicalDatatype>
<dataTypeSize>100 CHAR</dataTypeSize>
<ownDataTypeParameters>100 CHAR,,</ownDataTypeParameters>
<autoIncrementCycle>false</autoIncrementCycle>
</Column>
<Column name="contenido_reporte" id="497B1D24-3D6D-8976-9253-8A05D2E22D4F">
<createdBy>Matias</createdBy>
<createdTime>2024-09-24 23:21:43 UTC</createdTime>
<generatorID>86CE0EE6-7688-CE3B-AAC3-8940D76A8E2B</generatorID>
<ownerDesignName>Base_Datos</ownerDesignName>
<useDomainConstraints>false</useDomainConstraints>
<use>1</use>
<logicalDatatype>LOGDT024</logicalDatatype>
<dataTypeSize>200 CHAR</dataTypeSize>
<ownDataTypeParameters>200 CHAR,,</ownDataTypeParameters>
<autoIncrementCycle>false</autoIncrementCycle>
</Column>
<Column name="fecha_creacion" id="2C0B8C77-34B0-E30D-FF31-60419A97DE91">
<createdBy>Matias</createdBy>
<createdTime>2024-09-24 23:21:43 UTC</createdTime>
<generatorID>6EB25310-A122-32BF-64B7-E6A6E725134B</generatorID>
<ownerDesignName>Base_Datos</ownerDesignName>
<useDomainConstraints>false</useDomainConstraints>
<use>1</use>
<logicalDatatype>LOGDT008</logicalDatatype>
<ownDataTypeParameters>,,</ownDataTypeParameters>
<autoIncrementCycle>false</autoIncrementCycle>
</Column>
<Column name="Proveedor_Rut" id="0E021AD5-4BC8-139A-1A17-58BA3709ABDF">
<createdBy>Matias</createdBy>
<createdTime>2024-09-24 23:21:43 UTC</createdTime>
<generatorID>9E43F114-7637-E1BA-A3F4-78D015986F12</generatorID>
<ownerDesignName>Base_Datos</ownerDesignName>
<useDomainConstraints>false</useDomainConstraints>
<use>1</use>
<logicalDatatype>LOGDT011</logicalDatatype>
<ownDataTypeParameters>,,</ownDataTypeParameters>
<previousColumn>false</previousColumn>
<autoIncrementCycle>false</autoIncrementCycle>
<associations>
<colAssociation fkAssociation="19705455-D636-2C5D-A55E-AC92EBB5FDFB" referredColumn="2D34F8A1-3248-DFB9-EE88-40C62092EF3C"/>
</associations>
</Column>
<Column name="Administrador_id_administrador" id="5FD00FA8-3365-3E4B-84E8-D4CAAA527C7F">
<createdBy>Matias</createdBy>
<createdTime>2024-09-24 23:21:43 UTC</createdTime>
<generatorID>29862AA6-65FC-23F4-8C0B-CAE248536EF8</generatorID>
<ownerDesignName>Base_Datos</ownerDesignName>
<useDomainConstraints>false</useDomainConstraints>
<use>1</use>
<logicalDatatype>LOGDT011</logicalDatatype>
<ownDataTypeParameters>,,</ownDataTypeParameters>
<previousColumn>false</previousColumn>
<autoIncrementCycle>false</autoIncrementCycle>
<associations>
<colAssociation fkAssociation="F5DA8764-96B1-D96A-6CE3-AD4607793D86" referredColumn="8359D438-C726-93C5-7716-8F8CAC5FB3D2"/>
</associations>
</Column>
</columns>
<indexes itemClass="oracle.dbtools.crest.model.design.relational.Index">
<ind_PK_UK id="372D33F9-10AC-2260-6B83-03443A31797A" name="Reporte_PK">
<createdBy>Matias</createdBy>
<createdTime>2024-09-24 23:21:43 UTC</createdTime>
<generatorID>8CA314A6-C055-D287-700E-8299282AFEE6</generatorID>
<ownerDesignName>Base_Datos</ownerDesignName>
<pk>true</pk>
<indexState>Primary Constraint</indexState>
<isSurrogateKey>false</isSurrogateKey>
<indexColumnUsage>
<colUsage columnID="34095BD7-94FC-846A-945D-7753FDABF678"/>
</indexColumnUsage>
</ind_PK_UK>
<ind_PK_UK id="5BD56641-DC5C-D038-BF2A-5C8B9D2C9297" name="Reporte_Administrador_FK">
<createdBy>Matias</createdBy>
<createdTime>2024-09-24 23:21:43 UTC</createdTime>
<generatorID>3832A9E2-BA8E-CF24-2201-58F462F697BB</generatorID>
<ownerDesignName>Base_Datos</ownerDesignName>
<indexState>Foreign Key</indexState>
<isSurrogateKey>false</isSurrogateKey>
<indexColumnUsage>
<colUsage columnID="5FD00FA8-3365-3E4B-84E8-D4CAAA527C7F"/>
</indexColumnUsage>
</ind_PK_UK>
<ind_PK_UK id="91B78E6D-AD61-7CB0-7678-9E0A57F1DAA8" name="Reporte_Proveedor_FK">
<createdBy>Matias</createdBy>
<createdTime>2024-09-24 23:21:43 UTC</createdTime>
<generatorID>21E6F101-0DD5-653C-26E8-7F37BF91EACB</generatorID>
<ownerDesignName>Base_Datos</ownerDesignName>
<indexState>Foreign Key</indexState>
<isSurrogateKey>false</isSurrogateKey>
<indexColumnUsage>
<colUsage columnID="0E021AD5-4BC8-139A-1A17-58BA3709ABDF"/>
</indexColumnUsage>
</ind_PK_UK>
</indexes>
</Table>