<?xml version = '1.0' encoding = 'UTF-8'?>
<Table class="oracle.dbtools.crest.model.design.relational.Table" directorySegmentName="seg_0" id="9A033F43-4F3B-530F-1F09-985C125B0D3A" name="Calificacion">
<createdBy>Matias</createdBy>
<createdTime>2024-09-24 23:21:42 UTC</createdTime>
<generatorID>044BE24C-6F1B-A169-77A9-8DE153D30047</generatorID>
<ownerDesignName>Base_Datos</ownerDesignName>
<allowColumnReorder>false</allowColumnReorder>
<existDependencyGenerateInDDl>true</existDependencyGenerateInDDl>
<parsed>true</parsed>
<columns itemClass="oracle.dbtools.crest.model.design.relational.Column">
<Column name="Producto_Codigo_Producto" id="F6960DD7-5ECD-AA02-220C-7CA6034227C9">
<createdBy>Matias</createdBy>
<createdTime>2024-09-24 23:21:42 UTC</createdTime>
<generatorID>6867B3AB-E044-D975-1ED8-CC33D88BF198</generatorID>
<ownerDesignName>Base_Datos</ownerDesignName>
<useDomainConstraints>false</useDomainConstraints>
<use>1</use>
<logicalDatatype>LOGDT024</logicalDatatype>
<dataTypeSize>100 CHAR</dataTypeSize>
<ownDataTypeParameters>,,</ownDataTypeParameters>
<previousColumn>false</previousColumn>
<autoIncrementCycle>false</autoIncrementCycle>
<associations>
<colAssociation fkAssociation="F7835744-7DCA-6AD5-6D87-05F9CD07DC61" referredColumn="CCD3E166-0AAD-ED97-6C23-5137D7F023B8"/>
</associations>
</Column>
<Column name="id_calificacion" id="869948F5-F191-51C9-C5CD-7A1FB983AB7C">
<createdBy>Matias</createdBy>
<createdTime>2024-09-24 23:21:42 UTC</createdTime>
<generatorID>4C6E7648-10A2-A83F-A6B2-16BD4048D5FE</generatorID>
<ownerDesignName>Base_Datos</ownerDesignName>
<useDomainConstraints>false</useDomainConstraints>
<use>1</use>
<logicalDatatype>LOGDT011</logicalDatatype>
<ownDataTypeParameters>,,</ownDataTypeParameters>
<autoIncrementCycle>false</autoIncrementCycle>
</Column>
<Column name="calificacion" id="B31A2365-9D12-9FB3-BBC2-0908D3813EEF">
<createdBy>Matias</createdBy>
<createdTime>2024-09-24 23:21:42 UTC</createdTime>
<generatorID>AB484F85-FCBF-F785-5D8E-FBB95F02AFC8</generatorID>
<ownerDesignName>Base_Datos</ownerDesignName>
<useDomainConstraints>false</useDomainConstraints>
<use>1</use>
<logicalDatatype>LOGDT019</logicalDatatype>
<ownDataTypeParameters>,,</ownDataTypeParameters>
<autoIncrementCycle>false</autoIncrementCycle>
</Column>
<Column name="Proveedor_Rut" id="59586658-BCA4-5471-B8E2-476F598DB488">
<createdBy>Matias</createdBy>
<createdTime>2024-09-24 23:21:42 UTC</createdTime>
<generatorID>6343C236-F467-E698-239C-91CC449FD68D</generatorID>
<ownerDesignName>Base_Datos</ownerDesignName>
<useDomainConstraints>false</useDomainConstraints>
<use>1</use>
<logicalDatatype>LOGDT011</logicalDatatype>
<ownDataTypeParameters>,,</ownDataTypeParameters>
<previousColumn>false</previousColumn>
<autoIncrementCycle>false</autoIncrementCycle>
<associations>
<colAssociation fkAssociation="7DFD5B44-5BC9-4975-302B-92E0DD2915B9" referredColumn="2D34F8A1-3248-DFB9-EE88-40C62092EF3C"/>
</associations>
</Column>
<Column name="Cliente_Rut_cliente" id="5F5EA6D2-7329-89E8-7B4C-9795CF854C37">
<createdBy>Matias</createdBy>
<createdTime>2024-09-24 23:21:42 UTC</createdTime>
<generatorID>3B4C047E-490C-8A76-90AB-2C3E4E317E62</generatorID>
<ownerDesignName>Base_Datos</ownerDesignName>
<useDomainConstraints>false</useDomainConstraints>
<use>1</use>
<logicalDatatype>LOGDT011</logicalDatatype>
<ownDataTypeParameters>,,</ownDataTypeParameters>
<previousColumn>false</previousColumn>
<autoIncrementCycle>false</autoIncrementCycle>
<associations>
<colAssociation fkAssociation="89A49BC9-D506-32A9-BA8F-DF7D24D5833E" referredColumn="941364CC-6C75-BA75-F3C4-99FD47B42CE7"/>
</associations>
</Column>
</columns>
<indexes itemClass="oracle.dbtools.crest.model.design.relational.Index">
<ind_PK_UK id="4ED3ACEC-EA3B-5F6F-67A1-C4328BF8B90E" name="Calificacion_PK">
<createdBy>Matias</createdBy>
<createdTime>2024-09-24 23:21:42 UTC</createdTime>
<generatorID>B0A4774E-23FC-C53B-C266-714321D26A43</generatorID>
<ownerDesignName>Base_Datos</ownerDesignName>
<pk>true</pk>
<indexState>Primary Constraint</indexState>
<isSurrogateKey>false</isSurrogateKey>
<indexColumnUsage>
<colUsage columnID="869948F5-F191-51C9-C5CD-7A1FB983AB7C"/>
</indexColumnUsage>
</ind_PK_UK>
<ind_PK_UK id="62168B57-9449-1D5D-77B4-A975A537B93F" name="Calificacion_Cliente_FK">
<createdBy>Matias</createdBy>
<createdTime>2024-09-24 23:21:43 UTC</createdTime>
<generatorID>D5C71727-ABBB-C31A-CCC0-25845B8C4654</generatorID>
<ownerDesignName>Base_Datos</ownerDesignName>
<indexState>Foreign Key</indexState>
<isSurrogateKey>false</isSurrogateKey>
<indexColumnUsage>
<colUsage columnID="5F5EA6D2-7329-89E8-7B4C-9795CF854C37"/>
</indexColumnUsage>
</ind_PK_UK>
<ind_PK_UK id="AADBE508-76EE-DF2C-D211-CFE280C32972" name="Calificacion_Producto_FK">
<createdBy>Matias</createdBy>
<createdTime>2024-09-24 23:21:43 UTC</createdTime>
<generatorID>E281143B-0153-480E-28D4-251A35FD64A5</generatorID>
<ownerDesignName>Base_Datos</ownerDesignName>
<indexState>Foreign Key</indexState>
<isSurrogateKey>false</isSurrogateKey>
<indexColumnUsage>
<colUsage columnID="F6960DD7-5ECD-AA02-220C-7CA6034227C9"/>
</indexColumnUsage>
</ind_PK_UK>
<ind_PK_UK id="C1D68F77-BEAC-6138-2622-D8A7BC2827C0" name="Calificacion_Proveedor_FK">
<createdBy>Matias</createdBy>
<createdTime>2024-09-24 23:21:43 UTC</createdTime>
<generatorID>EBB0F3D6-288E-B886-CED2-5097D34E176D</generatorID>
<ownerDesignName>Base_Datos</ownerDesignName>
<indexState>Foreign Key</indexState>
<isSurrogateKey>false</isSurrogateKey>
<indexColumnUsage>
<colUsage columnID="59586658-BCA4-5471-B8E2-476F598DB488"/>
</indexColumnUsage>
</ind_PK_UK>
</indexes>
</Table>