<?xml version = '1.0' encoding = 'UTF-8'?>
<Table class="oracle.dbtools.crest.model.design.relational.Table" directorySegmentName="seg_0" id="BC6B64FF-8832-13A9-F0BB-92E98E74BE79" name="Carrito">
<createdBy>Matias</createdBy>
<createdTime>2024-09-24 23:21:42 UTC</createdTime>
<generatorID>EF447D71-19A0-0949-40A4-CEF12E46DD6A</generatorID>
<ownerDesignName>Base_Datos</ownerDesignName>
<allowColumnReorder>false</allowColumnReorder>
<existDependencyGenerateInDDl>true</existDependencyGenerateInDDl>
<parsed>true</parsed>
<columns itemClass="oracle.dbtools.crest.model.design.relational.Column">
<Column name="id_carrito" id="A40F8BAD-775D-08BD-0E61-E57E7312AE2F">
<createdBy>Matias</createdBy>
<createdTime>2024-09-24 23:21:42 UTC</createdTime>
<generatorID>5422DCAD-180B-7D4C-0E6A-3544CC950C85</generatorID>
<ownerDesignName>Base_Datos</ownerDesignName>
<useDomainConstraints>false</useDomainConstraints>
<use>1</use>
<logicalDatatype>LOGDT011</logicalDatatype>
<ownDataTypeParameters>,,</ownDataTypeParameters>
<autoIncrementCycle>false</autoIncrementCycle>
</Column>
<Column name="Fecha_agregado" id="5C24CD4B-4E0E-B0F4-053F-6649F867E6F5">
<createdBy>Matias</createdBy>
<createdTime>2024-09-24 23:21:42 UTC</createdTime>
<generatorID>444FECE1-E8F4-7682-F540-2A59F4FBF048</generatorID>
<ownerDesignName>Base_Datos</ownerDesignName>
<useDomainConstraints>false</useDomainConstraints>
<use>1</use>
<logicalDatatype>LOGDT008</logicalDatatype>
<ownDataTypeParameters>,,</ownDataTypeParameters>
<autoIncrementCycle>false</autoIncrementCycle>
</Column>
<Column name="estado_carrito" id="52CB793C-3925-EBE9-51FD-4F82B471AECD">
<createdBy>Matias</createdBy>
<createdTime>2024-09-24 23:21:42 UTC</createdTime>
<generatorID>CADFEA94-5577-0A11-1B46-C14524EA1C8E</generatorID>
<ownerDesignName>Base_Datos</ownerDesignName>
<useDomainConstraints>false</useDomainConstraints>
<use>1</use>
<logicalDatatype>LOGDT020</logicalDatatype>
<ownDataTypeParameters>,,</ownDataTypeParameters>
<autoIncrementCycle>false</autoIncrementCycle>
</Column>
<Column name="Monto_Total" id="427B7A93-D8E4-3B53-BC04-1647EE370AAF">
<createdBy>Matias</createdBy>
<createdTime>2024-09-24 23:21:42 UTC</createdTime>
<generatorID>B5623832-3589-ACB7-71CF-D86BA238A5EE</generatorID>
<ownerDesignName>Base_Datos</ownerDesignName>
<useDomainConstraints>false</useDomainConstraints>
<use>1</use>
<logicalDatatype>LOGDT019</logicalDatatype>
<ownDataTypeParameters>,,</ownDataTypeParameters>
<autoIncrementCycle>false</autoIncrementCycle>
</Column>
<Column name="Cliente_Rut_cliente" id="F69975D2-0CEB-7AE5-6B2E-731D322C911E">
<createdBy>Matias</createdBy>
<createdTime>2024-09-24 23:21:42 UTC</createdTime>
<generatorID>87AB4C17-B853-7713-508A-36E73EFA24D8</generatorID>
<ownerDesignName>Base_Datos</ownerDesignName>
<useDomainConstraints>false</useDomainConstraints>
<use>1</use>
<logicalDatatype>LOGDT011</logicalDatatype>
<ownDataTypeParameters>,,</ownDataTypeParameters>
<previousColumn>false</previousColumn>
<autoIncrementCycle>false</autoIncrementCycle>
<associations>
<colAssociation fkAssociation="385AEC22-A3F4-0403-4095-DC95DD829D4F" referredColumn="941364CC-6C75-BA75-F3C4-99FD47B42CE7"/>
</associations>
</Column>
</columns>
<indexes itemClass="oracle.dbtools.crest.model.design.relational.Index">
<ind_PK_UK id="D4F1294B-3931-79F2-5EBE-349D94D79EF5" name="Carrito_PK">
<createdBy>Matias</createdBy>
<createdTime>2024-09-24 23:21:42 UTC</createdTime>
<generatorID>7010E633-1D80-E020-12CA-822FA56306E1</generatorID>
<ownerDesignName>Base_Datos</ownerDesignName>
<pk>true</pk>
<indexState>Primary Constraint</indexState>
<isSurrogateKey>false</isSurrogateKey>
<indexColumnUsage>
<colUsage columnID="A40F8BAD-775D-08BD-0E61-E57E7312AE2F"/>
</indexColumnUsage>
</ind_PK_UK>
<ind_PK_UK id="A2872EE9-8514-8FEE-12F4-EBC532C60C79" name="Carrito_Cliente_FK">
<createdBy>Matias</createdBy>
<createdTime>2024-09-24 23:21:43 UTC</createdTime>
<generatorID>E29C0DF8-41E5-AF84-F29F-14F0E26E26F9</generatorID>
<ownerDesignName>Base_Datos</ownerDesignName>
<indexState>Foreign Key</indexState>
<isSurrogateKey>false</isSurrogateKey>
<indexColumnUsage>
<colUsage columnID="F69975D2-0CEB-7AE5-6B2E-731D322C911E"/>
</indexColumnUsage>
</ind_PK_UK>
</indexes>
</Table>