<?xml version = '1.0' encoding = 'UTF-8'?>
<Relation class="oracle.dbtools.crest.model.design.logical.Relation" name="venta_transaccion" directorySegmentName="seg_0" id="07A2CB1E-2E9E-E606-D4FD-F1593BD19BD8">
<createdBy>Matias</createdBy>
<createdTime>2024-09-24 22:53:28 UTC</createdTime>
<ownerDesignName>Base_Datos</ownerDesignName>
<engineerTo>
<item key="5E20E1C7-6E8A-325D-F17C-95BAC867B73B" value="true"/>
</engineerTo>
<sourcePk>9F9EDF83-3107-BEA0-2D75-AA901FC561BB</sourcePk>
<identifying>false</identifying>
<optionalSource>false</optionalSource>
<optionalTarget>false</optionalTarget>
<sourceCardinality>1</sourceCardinality>
<sourceEntity>7665ACBD-CB26-B60A-FF84-D168BF20DE60</sourceEntity>
<targetCardinalityString>*</targetCardinalityString>
<targetEntity>6AB6E9E0-61F3-DB7A-2FC0-609DFD98A361</targetEntity>
<transferable>true</transferable>
<deleteRule>NO ACTION</deleteRule>
</Relation>