<?xml version = '1.0' encoding = 'UTF-8'?>
<Relation class="oracle.dbtools.crest.model.design.logical.Relation" name="carrito_venta" directorySegmentName="seg_0" id="0FC31132-2054-17FD-51FB-F8E357AA6D29">
<createdBy>Matias</createdBy>
<createdTime>2024-09-24 23:17:02 UTC</createdTime>
<ownerDesignName>Base_Datos</ownerDesignName>
<engineerTo>
<item key="5E20E1C7-6E8A-325D-F17C-95BAC867B73B" value="true"/>
</engineerTo>
<sourcePk>7010E633-1D80-E020-12CA-822FA56306E1</sourcePk>
<identifying>false</identifying>
<optionalSource>false</optionalSource>
<optionalTarget>false</optionalTarget>
<sourceCardinality>1</sourceCardinality>
<sourceEntity>EF447D71-19A0-0949-40A4-CEF12E46DD6A</sourceEntity>
<targetCardinalityString>*</targetCardinalityString>
<targetEntity>7665ACBD-CB26-B60A-FF84-D168BF20DE60</targetEntity>
<transferable>true</transferable>
<deleteRule>NO ACTION</deleteRule>
</Relation>