<?xml version = '1.0' encoding = 'UTF-8'?>
<Relation class="oracle.dbtools.crest.model.design.logical.Relation" name="Admin_reporte" directorySegmentName="seg_0" id="3832A9E2-BA8E-CF24-2201-58F462F697BB">
<createdBy>Matias</createdBy>
<createdTime>2024-09-23 22:51:27 UTC</createdTime>
<ownerDesignName>Base_Datos</ownerDesignName>
<engineerTo>
<item key="5E20E1C7-6E8A-325D-F17C-95BAC867B73B" value="true"/>
</engineerTo>
<sourcePk>6648C6DB-0B7E-20C3-A912-0FECD4CB9B97</sourcePk>
<identifying>false</identifying>
<optionalSource>false</optionalSource>
<optionalTarget>false</optionalTarget>
<sourceCardinality>1</sourceCardinality>
<sourceEntity>F9361220-1043-56BB-701C-493C3200DC4A</sourceEntity>
<targetCardinalityString>*</targetCardinalityString>
<targetEntity>38D8A5E5-9DAE-FF81-C169-02BC03F4CF6C</targetEntity>
<transferable>true</transferable>
<deleteRule>NO ACTION</deleteRule>
</Relation>