<?xml version = '1.0' encoding = 'UTF-8'?>
<Relation class="oracle.dbtools.crest.model.design.logical.Relation" name="provincia_comuna" directorySegmentName="seg_0" id="5AA723D3-196D-B255-46CB-8F9BEEFBDD5D">
<createdBy>Matias</createdBy>
<createdTime>2024-09-23 21:57:28 UTC</createdTime>
<ownerDesignName>Base_Datos</ownerDesignName>
<engineerTo>
<item key="5E20E1C7-6E8A-325D-F17C-95BAC867B73B" value="true"/>
</engineerTo>
<sourcePk>0C9EB818-6C06-D353-5D5B-8FF215330BAF</sourcePk>
<identifying>false</identifying>
<optionalSource>false</optionalSource>
<optionalTarget>false</optionalTarget>
<sourceCardinality>1</sourceCardinality>
<sourceEntity>1ECECE0B-52CB-A7EB-57D5-4DA80A9E0AB7</sourceEntity>
<targetCardinalityString>*</targetCardinalityString>
<targetEntity>D3A717B1-3EC1-23D4-FF22-DC9C9F54E880</targetEntity>
<transferable>true</transferable>
<deleteRule>NO ACTION</deleteRule>
</Relation>