<?xml version = '1.0' encoding = 'UTF-8'?>
<Relation class="oracle.dbtools.crest.model.design.logical.Relation" name="region_provincia" directorySegmentName="seg_0" id="B454DF3E-45C7-E074-3C9C-AD038AF13F79">
<createdBy>Matias</createdBy>
<createdTime>2024-09-23 21:57:13 UTC</createdTime>
<ownerDesignName>Base_Datos</ownerDesignName>
<engineerTo>
<item key="5E20E1C7-6E8A-325D-F17C-95BAC867B73B" value="true"/>
</engineerTo>
<sourcePk>6F307625-2BC3-C6E5-CF6C-13E0D86A738F</sourcePk>
<identifying>false</identifying>
<optionalSource>false</optionalSource>
<optionalTarget>false</optionalTarget>
<sourceCardinality>1</sourceCardinality>
<sourceEntity>9C1E0376-F888-6928-B6EB-F9A5BAD10D18</sourceEntity>
<targetCardinalityString>*</targetCardinalityString>
<targetEntity>1ECECE0B-52CB-A7EB-57D5-4DA80A9E0AB7</targetEntity>
<transferable>true</transferable>
<deleteRule>NO ACTION</deleteRule>
</Relation>