<?xml version = '1.0' encoding = 'UTF-8'?>
<Relation class="oracle.dbtools.crest.model.design.logical.Relation" name="carrito_producto_venta" directorySegmentName="seg_0" id="BD1AC78F-A39F-89DB-8068-680ACD236CCC">
<createdBy>Matias</createdBy>
<createdTime>2024-09-23 23:22:10 UTC</createdTime>
<ownerDesignName>Base_Datos</ownerDesignName>
<engineerTo>
<item key="5E20E1C7-6E8A-325D-F17C-95BAC867B73B" value="true"/>
</engineerTo>
<sourcePk>7010E633-1D80-E020-12CA-822FA56306E1</sourcePk>
<identifying>false</identifying>
<optionalSource>false</optionalSource>
<optionalTarget>false</optionalTarget>
<sourceCardinality>1</sourceCardinality>
<sourceEntity>EF447D71-19A0-0949-40A4-CEF12E46DD6A</sourceEntity>
<targetCardinalityString>*</targetCardinalityString>
<targetEntity>34F9CEF3-9452-AFDC-2979-ABDB467B30E4</targetEntity>
<transferable>true</transferable>
<deleteRule>NO ACTION</deleteRule>
</Relation>