<?xml version = '1.0' encoding = 'UTF-8'?>
<Relation class="oracle.dbtools.crest.model.design.logical.Relation" name="cliente_venta" directorySegmentName="seg_0" id="C9BD033B-8025-79C8-0F09-CA1F20C07558">
<createdBy>Matias</createdBy>
<createdTime>2024-09-23 23:10:06 UTC</createdTime>
<ownerDesignName>Base_Datos</ownerDesignName>
<engineerTo>
<item key="5E20E1C7-6E8A-325D-F17C-95BAC867B73B" value="true"/>
</engineerTo>
<sourcePk>63353B7C-6309-DA9D-206B-EBEC51F747CA</sourcePk>
<identifying>false</identifying>
<optionalSource>false</optionalSource>
<optionalTarget>false</optionalTarget>
<sourceCardinality>1</sourceCardinality>
<sourceEntity>A0719688-9881-C2BF-2AC4-4B704B42F4B3</sourceEntity>
<targetCardinalityString>*</targetCardinalityString>
<targetEntity>7665ACBD-CB26-B60A-FF84-D168BF20DE60</targetEntity>
<transferable>true</transferable>
<deleteRule>NO ACTION</deleteRule>
</Relation>