<?xml version = '1.0' encoding = 'UTF-8'?>
<Relation class="oracle.dbtools.crest.model.design.logical.Relation" name="producto_venta" directorySegmentName="seg_0" id="CFDE59B1-369D-998A-F949-20A75CE47FB4">
<createdBy>Matias</createdBy>
<createdTime>2024-09-23 22:30:52 UTC</createdTime>
<ownerDesignName>Base_Datos</ownerDesignName>
<engineerTo>
<item key="5E20E1C7-6E8A-325D-F17C-95BAC867B73B" value="true"/>
</engineerTo>
<sourcePk>CF8D84ED-45AF-9424-F0C4-D24A0D35EEBE</sourcePk>
<identifying>false</identifying>
<optionalSource>false</optionalSource>
<optionalTarget>false</optionalTarget>
<sourceCardinality>1</sourceCardinality>
<sourceEntity>F3902E0F-F308-7023-EDBB-2B7133D1BA9F</sourceEntity>
<targetCardinalityString>*</targetCardinalityString>
<targetEntity>34F9CEF3-9452-AFDC-2979-ABDB467B30E4</targetEntity>
<transferable>true</transferable>
<deleteRule>NO ACTION</deleteRule>
</Relation>