<?xml version = '1.0' encoding = 'UTF-8'?>
<Relation class="oracle.dbtools.crest.model.design.logical.Relation" name="cliente_carrito" directorySegmentName="seg_0" id="E29C0DF8-41E5-AF84-F29F-14F0E26E26F9">
<createdBy>Matias</createdBy>
<createdTime>2024-09-23 23:22:37 UTC</createdTime>
<ownerDesignName>Base_Datos</ownerDesignName>
<engineerTo>
<item key="5E20E1C7-6E8A-325D-F17C-95BAC867B73B" value="true"/>
</engineerTo>
<sourcePk>63353B7C-6309-DA9D-206B-EBEC51F747CA</sourcePk>
<targetPk>7010E633-1D80-E020-12CA-822FA56306E1</targetPk>
<identifying>false</identifying>
<optionalSource>false</optionalSource>
<optionalTarget>false</optionalTarget>
<sourceCardinality>1</sourceCardinality>
<sourceEntity>A0719688-9881-C2BF-2AC4-4B704B42F4B3</sourceEntity>
<targetCardinalityString>*</targetCardinalityString>
<targetEntity>EF447D71-19A0-0949-40A4-CEF12E46DD6A</targetEntity>
<transferable>true</transferable>
<deleteRule>NO ACTION</deleteRule>
</Relation>