<?xml version = '1.0' encoding = 'UTF-8'?>
<Relation class="oracle.dbtools.crest.model.design.logical.Relation" name="proveedor_calificacion" directorySegmentName="seg_0" id="EBB0F3D6-288E-B886-CED2-5097D34E176D">
<createdBy>Matias</createdBy>
<createdTime>2024-09-23 23:03:33 UTC</createdTime>
<ownerDesignName>Base_Datos</ownerDesignName>
<engineerTo>
<item key="5E20E1C7-6E8A-325D-F17C-95BAC867B73B" value="true"/>
</engineerTo>
<sourcePk>9B9F7E89-5D71-790E-F8B8-B908EF711993</sourcePk>
<identifying>false</identifying>
<optionalSource>false</optionalSource>
<optionalTarget>false</optionalTarget>
<sourceCardinality>1</sourceCardinality>
<sourceEntity>33DA8A5A-9A4D-435D-747A-D0278C9F527D</sourceEntity>
<targetCardinalityString>*</targetCardinalityString>
<targetEntity>044BE24C-6F1B-A169-77A9-8DE153D30047</targetEntity>
<transferable>true</transferable>
<deleteRule>NO ACTION</deleteRule>
</Relation>