<?xml version = '1.0' encoding = 'UTF-8'?>
<Relation class="oracle.dbtools.crest.model.design.logical.Relation" name="metodo_pago_transacciones" directorySegmentName="seg_0" id="F60C53F5-6C1D-6ABB-A0BE-72B8982084DF">
<createdBy>Matias</createdBy>
<createdTime>2024-09-23 22:32:49 UTC</createdTime>
<ownerDesignName>Base_Datos</ownerDesignName>
<engineerTo>
<item key="5E20E1C7-6E8A-325D-F17C-95BAC867B73B" value="true"/>
</engineerTo>
<sourcePk>705D39EB-2260-DE3D-7CED-944BB3B53D0F</sourcePk>
<identifying>false</identifying>
<optionalSource>false</optionalSource>
<optionalTarget>false</optionalTarget>
<sourceCardinality>1</sourceCardinality>
<sourceEntity>62F0DDA2-6F2E-BF95-A3AA-7E8813C1C150</sourceEntity>
<targetCardinalityString>*</targetCardinalityString>
<targetEntity>6AB6E9E0-61F3-DB7A-2FC0-609DFD98A361</targetEntity>
<transferable>true</transferable>
<deleteRule>NO ACTION</deleteRule>
</Relation>