<?xml version = '1.0' encoding = 'UTF-8'?>
<Table class="oracle.dbtools.crest.model.design.relational.Table" directorySegmentName="seg_0" id="03FADC9F-2AC6-1A9A-EC89-920944217DBA" name="Region">
<createdBy>Matias</createdBy>
<createdTime>2024-09-23 23:45:07 UTC</createdTime>
<generatorID>9C1E0376-F888-6928-B6EB-F9A5BAD10D18</generatorID>
<ownerDesignName>Base_Datos</ownerDesignName>
<allowColumnReorder>false</allowColumnReorder>
<existDependencyGenerateInDDl>true</existDependencyGenerateInDDl>
<parsed>true</parsed>
<columns itemClass="oracle.dbtools.crest.model.design.relational.Column">
<Column name="id_region" id="A3614DE7-AB8E-B15C-F3BA-076BF90A6DF1">
<createdBy>Matias</createdBy>
<createdTime>2024-09-23 23:45:07 UTC</createdTime>
<generatorID>9227BBC5-D65E-912D-0ED6-5791B4CC598C</generatorID>
<ownerDesignName>Base_Datos</ownerDesignName>
<useDomainConstraints>false</useDomainConstraints>
<use>1</use>
<logicalDatatype>LOGDT011</logicalDatatype>
<ownDataTypeParameters>,,</ownDataTypeParameters>
<autoIncrementCycle>false</autoIncrementCycle>
</Column>
<Column name="Nombre_region" id="963B6C43-86B8-6EFA-34DC-392A9E53559A">
<createdBy>Matias</createdBy>
<createdTime>2024-09-23 23:45:07 UTC</createdTime>
<generatorID>02642165-A372-CA9F-86A8-E6094B598118</generatorID>
<ownerDesignName>Base_Datos</ownerDesignName>
<useDomainConstraints>false</useDomainConstraints>
<use>1</use>
<logicalDatatype>LOGDT024</logicalDatatype>
<dataTypeSize>100 CHAR</dataTypeSize>
<ownDataTypeParameters>100 CHAR,,</ownDataTypeParameters>
<autoIncrementCycle>false</autoIncrementCycle>
</Column>
</columns>
<indexes itemClass="oracle.dbtools.crest.model.design.relational.Index">
<ind_PK_UK id="5CA07536-BE70-E8D4-EABB-085F92197C5F" name="Region_PK">
<createdBy>Matias</createdBy>
<createdTime>2024-09-23 23:45:07 UTC</createdTime>
<generatorID>6F307625-2BC3-C6E5-CF6C-13E0D86A738F</generatorID>
<ownerDesignName>Base_Datos</ownerDesignName>
<pk>true</pk>
<indexState>Primary Constraint</indexState>
<isSurrogateKey>false</isSurrogateKey>
<indexColumnUsage>
<colUsage columnID="A3614DE7-AB8E-B15C-F3BA-076BF90A6DF1"/>
</indexColumnUsage>
</ind_PK_UK>
</indexes>
</Table>