<?xml version = '1.0' encoding = 'UTF-8'?>
<Table class="oracle.dbtools.crest.model.design.relational.Table" directorySegmentName="seg_0" id="3B76D25D-9F37-F9B7-EE96-53128A534C6F" name="Venta">
<createdBy>Matias</createdBy>
<createdTime>2024-09-23 23:45:07 UTC</createdTime>
<generatorID>7665ACBD-CB26-B60A-FF84-D168BF20DE60</generatorID>
<ownerDesignName>Base_Datos</ownerDesignName>
<allowColumnReorder>false</allowColumnReorder>
<existDependencyGenerateInDDl>true</existDependencyGenerateInDDl>
<parsed>true</parsed>
<columns itemClass="oracle.dbtools.crest.model.design.relational.Column">
<Column name="Clientes_Rut_cliente" id="D99E53D6-C3A4-F62F-CAF4-E6594287E678">
<createdBy>Matias</createdBy>
<createdTime>2024-09-23 23:45:07 UTC</createdTime>
<generatorID>E9F424A4-E1B8-BAA1-B088-C20AD677EDFE</generatorID>
<ownerDesignName>Base_Datos</ownerDesignName>
<useDomainConstraints>false</useDomainConstraints>
<use>1</use>
<logicalDatatype>LOGDT011</logicalDatatype>
<ownDataTypeParameters>,,</ownDataTypeParameters>
<previousColumn>false</previousColumn>
<autoIncrementCycle>false</autoIncrementCycle>
<associations>
<colAssociation fkAssociation="534447C2-E3AA-3C73-708E-99F8BFC74FA5" referredColumn="D1E5F386-C6AD-AA12-7B17-16AAFA4736E1"/>
</associations>
</Column>
<Column name="id_venta" id="FA63C915-C45A-9364-D34F-AE3EB000BBF4">
<createdBy>Matias</createdBy>
<createdTime>2024-09-23 23:45:07 UTC</createdTime>
<generatorID>9FA09E07-2912-9EC9-63D6-D032D50EDCE1</generatorID>
<ownerDesignName>Base_Datos</ownerDesignName>
<useDomainConstraints>false</useDomainConstraints>
<use>1</use>
<logicalDatatype>LOGDT011</logicalDatatype>
<ownDataTypeParameters>,,</ownDataTypeParameters>
<autoIncrementCycle>false</autoIncrementCycle>
</Column>
<Column name="fecha_venta" id="0C3822F9-DB94-5FE8-AD21-EB694AA2FDA8">
<createdBy>Matias</createdBy>
<createdTime>2024-09-23 23:45:07 UTC</createdTime>
<generatorID>D19CD476-0C61-44C0-81AE-DD0D14E6EBD3</generatorID>
<ownerDesignName>Base_Datos</ownerDesignName>
<useDomainConstraints>false</useDomainConstraints>
<use>1</use>
<logicalDatatype>LOGDT008</logicalDatatype>
<ownDataTypeParameters>,,</ownDataTypeParameters>
<autoIncrementCycle>false</autoIncrementCycle>
</Column>
<Column name="estado_venta" id="8318529F-B0C4-51D4-2D68-491C3EED2CB8">
<createdBy>Matias</createdBy>
<createdTime>2024-09-23 23:45:07 UTC</createdTime>
<generatorID>F419A8A6-E55E-7BFC-8C9B-BBF03728468C</generatorID>
<ownerDesignName>Base_Datos</ownerDesignName>
<useDomainConstraints>false</useDomainConstraints>
<use>1</use>
<logicalDatatype>LOGDT024</logicalDatatype>
<dataTypeSize>100 CHAR</dataTypeSize>
<ownDataTypeParameters>100 CHAR,,</ownDataTypeParameters>
<autoIncrementCycle>false</autoIncrementCycle>
</Column>
<Column name="total_venta" id="9EB14037-B225-EB48-D75A-A8B33D710F9B">
<createdBy>Matias</createdBy>
<createdTime>2024-09-23 23:45:07 UTC</createdTime>
<generatorID>3B4809A0-CE71-9225-BAFB-B92A7AB8A461</generatorID>
<ownerDesignName>Base_Datos</ownerDesignName>
<useDomainConstraints>false</useDomainConstraints>
<use>1</use>
<logicalDatatype>LOGDT019</logicalDatatype>
<ownDataTypeParameters>,,</ownDataTypeParameters>
<autoIncrementCycle>false</autoIncrementCycle>
</Column>
<Column name="Carrito_id_carrito2" id="9BC36EC8-2432-6BE5-A455-312468A7A32C">
<createdBy>Matias</createdBy>
<createdTime>2024-09-24 21:52:36 UTC</createdTime>
<generatorID>D0056A03-6B97-2B1C-A423-D085A5049352</generatorID>
<ownerDesignName>Base_Datos</ownerDesignName>
<useDomainConstraints>false</useDomainConstraints>
<use>1</use>
<logicalDatatype>LOGDT011</logicalDatatype>
<ownDataTypeParameters>,,</ownDataTypeParameters>
<previousColumn>false</previousColumn>
<autoIncrementCycle>false</autoIncrementCycle>
<associations>
<colAssociation fkAssociation="39900FE6-0EFD-431D-357A-704B4D21284E" referredColumn="5CB19799-0F4E-EE1C-7788-E9D006714694"/>
</associations>
</Column>
</columns>
<indexes itemClass="oracle.dbtools.crest.model.design.relational.Index">
<ind_PK_UK id="092D92FE-9720-472E-69E3-2ECB490B9693" name="Venta_PK">
<createdBy>Matias</createdBy>
<createdTime>2024-09-23 23:45:07 UTC</createdTime>
<generatorID>9F9EDF83-3107-BEA0-2D75-AA901FC561BB</generatorID>
<ownerDesignName>Base_Datos</ownerDesignName>
<pk>true</pk>
<indexState>Primary Constraint</indexState>
<isSurrogateKey>false</isSurrogateKey>
<indexColumnUsage>
<colUsage columnID="FA63C915-C45A-9364-D34F-AE3EB000BBF4"/>
<colUsage columnID="9BC36EC8-2432-6BE5-A455-312468A7A32C"/>
</indexColumnUsage>
</ind_PK_UK>
<ind_PK_UK id="738FE8EF-CAA3-4A3E-095C-E35A1BD5218D" name="Venta__IDX">
<createdBy>Matias</createdBy>
<createdTime>2024-09-23 23:45:07 UTC</createdTime>
<ownerDesignName>Base_Datos</ownerDesignName>
<indexState>Unique Plain Index</indexState>
<isSurrogateKey>false</isSurrogateKey>
<relationGeneratorID>506C8F1D-050E-D5F7-ECCA-1010DD4C86A1</relationGeneratorID>
</ind_PK_UK>
<ind_PK_UK id="1A3418B8-5880-8410-5939-FBB66EF53047" name="Venta__IDXv1">
<createdBy>Matias</createdBy>
<createdTime>2024-09-23 23:45:07 UTC</createdTime>
<ownerDesignName>Base_Datos</ownerDesignName>
<indexState>Unique Plain Index</indexState>
<isSurrogateKey>false</isSurrogateKey>
<relationGeneratorID>A3F9BBA8-9F8F-C825-4346-5E83790379E1</relationGeneratorID>
</ind_PK_UK>
<ind_PK_UK id="761CE27E-A1C9-91E8-3A4D-0EEB4FA22C6C" name="Venta_Clientes_FK">
<createdBy>Matias</createdBy>
<createdTime>2024-09-23 23:45:07 UTC</createdTime>
<generatorID>C9BD033B-8025-79C8-0F09-CA1F20C07558</generatorID>
<ownerDesignName>Base_Datos</ownerDesignName>
<indexState>Foreign Key</indexState>
<isSurrogateKey>false</isSurrogateKey>
<indexColumnUsage>
<colUsage columnID="D99E53D6-C3A4-F62F-CAF4-E6594287E678"/>
</indexColumnUsage>
</ind_PK_UK>
<ind_PK_UK id="DE7B20F5-AA55-78B1-4D65-1847BDD998AA" name="Venta_Carrito_FKv2">
<createdBy>Matias</createdBy>
<createdTime>2024-09-24 21:52:36 UTC</createdTime>
<generatorID>6337F1EB-B2B9-34AF-A8B9-B5C9B0197784</generatorID>
<ownerDesignName>Base_Datos</ownerDesignName>
<indexState>Foreign Key</indexState>
<isSurrogateKey>false</isSurrogateKey>
<indexColumnUsage>
<colUsage columnID="9BC36EC8-2432-6BE5-A455-312468A7A32C"/>
</indexColumnUsage>
</ind_PK_UK>
</indexes>
</Table>