<?xml version = '1.0' encoding = 'UTF-8'?>
<Table class="oracle.dbtools.crest.model.design.relational.Table" directorySegmentName="seg_0" id="434FB767-40CD-0D18-A477-98F33F766029" name="Reporte">
<createdBy>Matias</createdBy>
<createdTime>2024-09-23 23:45:07 UTC</createdTime>
<generatorID>38D8A5E5-9DAE-FF81-C169-02BC03F4CF6C</generatorID>
<ownerDesignName>Base_Datos</ownerDesignName>
<allowColumnReorder>false</allowColumnReorder>
<existDependencyGenerateInDDl>true</existDependencyGenerateInDDl>
<parsed>true</parsed>
<columns itemClass="oracle.dbtools.crest.model.design.relational.Column">
<Column name="id_reporte" id="51CAC2F5-1145-DA0F-6550-844ABB0307A3">
<createdBy>Matias</createdBy>
<createdTime>2024-09-23 23:45:07 UTC</createdTime>
<generatorID>A476D1AD-80E5-B491-9F14-FABB05B0041C</generatorID>
<ownerDesignName>Base_Datos</ownerDesignName>
<useDomainConstraints>false</useDomainConstraints>
<use>1</use>
<logicalDatatype>LOGDT011</logicalDatatype>
<ownDataTypeParameters>,,</ownDataTypeParameters>
<autoIncrementCycle>false</autoIncrementCycle>
</Column>
<Column name="tipo_reporte" id="124D2E67-1000-6181-09E5-CB1C91461271">
<createdBy>Matias</createdBy>
<createdTime>2024-09-23 23:45:07 UTC</createdTime>
<generatorID>FF8788AE-F621-4DC4-58D3-150AAA687B91</generatorID>
<ownerDesignName>Base_Datos</ownerDesignName>
<useDomainConstraints>false</useDomainConstraints>
<use>1</use>
<logicalDatatype>LOGDT024</logicalDatatype>
<dataTypeSize>100 CHAR</dataTypeSize>
<ownDataTypeParameters>100 CHAR,,</ownDataTypeParameters>
<autoIncrementCycle>false</autoIncrementCycle>
</Column>
<Column name="contenido_reporte" id="EFD33F0E-17BA-BA10-A349-E7A24940A7B7">
<createdBy>Matias</createdBy>
<createdTime>2024-09-23 23:45:07 UTC</createdTime>
<generatorID>86CE0EE6-7688-CE3B-AAC3-8940D76A8E2B</generatorID>
<ownerDesignName>Base_Datos</ownerDesignName>
<useDomainConstraints>false</useDomainConstraints>
<use>1</use>
<logicalDatatype>LOGDT024</logicalDatatype>
<dataTypeSize>200 CHAR</dataTypeSize>
<ownDataTypeParameters>200 CHAR,,</ownDataTypeParameters>
<autoIncrementCycle>false</autoIncrementCycle>
</Column>
<Column name="fecha_creacion" id="95A092AC-EBE8-99F2-E99B-9BE4037B92B1">
<createdBy>Matias</createdBy>
<createdTime>2024-09-23 23:45:07 UTC</createdTime>
<generatorID>6EB25310-A122-32BF-64B7-E6A6E725134B</generatorID>
<ownerDesignName>Base_Datos</ownerDesignName>
<useDomainConstraints>false</useDomainConstraints>
<use>1</use>
<logicalDatatype>LOGDT008</logicalDatatype>
<ownDataTypeParameters>,,</ownDataTypeParameters>
<autoIncrementCycle>false</autoIncrementCycle>
</Column>
<Column name="Proveedor_Rut" id="D049152C-C675-0386-1E07-FEEDC41E7BB7">
<createdBy>Matias</createdBy>
<createdTime>2024-09-23 23:45:07 UTC</createdTime>
<generatorID>9E43F114-7637-E1BA-A3F4-78D015986F12</generatorID>
<ownerDesignName>Base_Datos</ownerDesignName>
<useDomainConstraints>false</useDomainConstraints>
<use>1</use>
<logicalDatatype>LOGDT011</logicalDatatype>
<ownDataTypeParameters>,,</ownDataTypeParameters>
<previousColumn>false</previousColumn>
<autoIncrementCycle>false</autoIncrementCycle>
<associations>
<colAssociation fkAssociation="DBBD6919-0A2B-0810-033D-F09702CC5EAB" referredColumn="7437B642-3258-BB86-C7BA-E8E1BB6ADDDD"/>
</associations>
</Column>
<Column name="Administrador_id_administrador" id="59EBF7AC-11B5-50AF-F66B-5BF7B41126F9">
<createdBy>Matias</createdBy>
<createdTime>2024-09-23 23:45:07 UTC</createdTime>
<generatorID>29862AA6-65FC-23F4-8C0B-CAE248536EF8</generatorID>
<ownerDesignName>Base_Datos</ownerDesignName>
<useDomainConstraints>false</useDomainConstraints>
<use>1</use>
<logicalDatatype>LOGDT011</logicalDatatype>
<ownDataTypeParameters>,,</ownDataTypeParameters>
<previousColumn>false</previousColumn>
<autoIncrementCycle>false</autoIncrementCycle>
<associations>
<colAssociation fkAssociation="5ED12AD8-BEC6-C9ED-1EE2-3E6C89134130" referredColumn="F22E88DF-5A64-6FCB-76DF-68CA53D1C3AD"/>
</associations>
</Column>
</columns>
<indexes itemClass="oracle.dbtools.crest.model.design.relational.Index">
<ind_PK_UK id="826EE536-6BC8-1BAC-C068-6D017A713F00" name="Reporte_PK">
<createdBy>Matias</createdBy>
<createdTime>2024-09-23 23:45:07 UTC</createdTime>
<generatorID>8CA314A6-C055-D287-700E-8299282AFEE6</generatorID>
<ownerDesignName>Base_Datos</ownerDesignName>
<pk>true</pk>
<indexState>Primary Constraint</indexState>
<isSurrogateKey>false</isSurrogateKey>
<indexColumnUsage>
<colUsage columnID="51CAC2F5-1145-DA0F-6550-844ABB0307A3"/>
</indexColumnUsage>
</ind_PK_UK>
<ind_PK_UK id="867272ED-FCFB-7AE6-EFB2-D9B7C9406B48" name="Reporte_Administrador_FK">
<createdBy>Matias</createdBy>
<createdTime>2024-09-23 23:45:07 UTC</createdTime>
<generatorID>3832A9E2-BA8E-CF24-2201-58F462F697BB</generatorID>
<ownerDesignName>Base_Datos</ownerDesignName>
<indexState>Foreign Key</indexState>
<isSurrogateKey>false</isSurrogateKey>
<indexColumnUsage>
<colUsage columnID="59EBF7AC-11B5-50AF-F66B-5BF7B41126F9"/>
</indexColumnUsage>
</ind_PK_UK>
<ind_PK_UK id="3F2B81CE-F0AD-0AF9-4B18-5F1B81B1DD90" name="Reporte_Proveedor_FK">
<createdBy>Matias</createdBy>
<createdTime>2024-09-23 23:45:07 UTC</createdTime>
<generatorID>21E6F101-0DD5-653C-26E8-7F37BF91EACB</generatorID>
<ownerDesignName>Base_Datos</ownerDesignName>
<indexState>Foreign Key</indexState>
<isSurrogateKey>false</isSurrogateKey>
<indexColumnUsage>
<colUsage columnID="D049152C-C675-0386-1E07-FEEDC41E7BB7"/>
</indexColumnUsage>
</ind_PK_UK>
</indexes>
</Table>