<?xml version = '1.0' encoding = 'UTF-8'?>
<Table class="oracle.dbtools.crest.model.design.relational.Table" directorySegmentName="seg_0" id="4A040154-0854-623D-F13B-5279DF37A970" name="Calificacion">
<createdBy>Matias</createdBy>
<createdTime>2024-09-23 23:45:07 UTC</createdTime>
<generatorID>044BE24C-6F1B-A169-77A9-8DE153D30047</generatorID>
<ownerDesignName>Base_Datos</ownerDesignName>
<allowColumnReorder>false</allowColumnReorder>
<existDependencyGenerateInDDl>true</existDependencyGenerateInDDl>
<parsed>true</parsed>
<columns itemClass="oracle.dbtools.crest.model.design.relational.Column">
<Column name="Producto_Codigo_Producto" id="95FDEE60-9D6A-4BFD-2245-E6F3A1FE6D39">
<createdBy>Matias</createdBy>
<createdTime>2024-09-23 23:45:07 UTC</createdTime>
<generatorID>6867B3AB-E044-D975-1ED8-CC33D88BF198</generatorID>
<ownerDesignName>Base_Datos</ownerDesignName>
<useDomainConstraints>false</useDomainConstraints>
<use>1</use>
<logicalDatatype>LOGDT024</logicalDatatype>
<dataTypeSize>100 CHAR</dataTypeSize>
<ownDataTypeParameters>,,</ownDataTypeParameters>
<previousColumn>false</previousColumn>
<autoIncrementCycle>false</autoIncrementCycle>
<associations>
<colAssociation fkAssociation="49F3BC6F-9684-346D-4E2E-D0A57B2CC1E3" referredColumn="7D3B617F-C0F8-7B2E-1A77-A0091D2BC54A"/>
</associations>
</Column>
<Column name="id_calificacion" id="86A73619-58C1-AE03-9C0E-D649E61DD2D3">
<createdBy>Matias</createdBy>
<createdTime>2024-09-23 23:45:07 UTC</createdTime>
<generatorID>4C6E7648-10A2-A83F-A6B2-16BD4048D5FE</generatorID>
<ownerDesignName>Base_Datos</ownerDesignName>
<useDomainConstraints>false</useDomainConstraints>
<use>1</use>
<logicalDatatype>LOGDT011</logicalDatatype>
<ownDataTypeParameters>,,</ownDataTypeParameters>
<autoIncrementCycle>false</autoIncrementCycle>
</Column>
<Column name="calificacion" id="4F74B3D6-C373-AEEE-22DA-D71AE44094CB">
<createdBy>Matias</createdBy>
<createdTime>2024-09-23 23:45:07 UTC</createdTime>
<generatorID>AB484F85-FCBF-F785-5D8E-FBB95F02AFC8</generatorID>
<ownerDesignName>Base_Datos</ownerDesignName>
<useDomainConstraints>false</useDomainConstraints>
<use>1</use>
<logicalDatatype>LOGDT019</logicalDatatype>
<ownDataTypeParameters>,,</ownDataTypeParameters>
<autoIncrementCycle>false</autoIncrementCycle>
</Column>
<Column name="Proveedor_Rut" id="199C74F3-E3CE-9B4A-3978-7A70AA12FAA5">
<createdBy>Matias</createdBy>
<createdTime>2024-09-23 23:45:07 UTC</createdTime>
<generatorID>6343C236-F467-E698-239C-91CC449FD68D</generatorID>
<ownerDesignName>Base_Datos</ownerDesignName>
<useDomainConstraints>false</useDomainConstraints>
<use>1</use>
<logicalDatatype>LOGDT011</logicalDatatype>
<ownDataTypeParameters>,,</ownDataTypeParameters>
<previousColumn>false</previousColumn>
<autoIncrementCycle>false</autoIncrementCycle>
<associations>
<colAssociation fkAssociation="A8FF634C-DD72-AABB-79D0-7403192686DD" referredColumn="7437B642-3258-BB86-C7BA-E8E1BB6ADDDD"/>
</associations>
</Column>
<Column name="Clientes_Rut_cliente" id="7986A6E4-B16A-44A8-944C-B52CECFF1369">
<createdBy>Matias</createdBy>
<createdTime>2024-09-23 23:45:07 UTC</createdTime>
<generatorID>3B4C047E-490C-8A76-90AB-2C3E4E317E62</generatorID>
<ownerDesignName>Base_Datos</ownerDesignName>
<useDomainConstraints>false</useDomainConstraints>
<use>1</use>
<logicalDatatype>LOGDT011</logicalDatatype>
<ownDataTypeParameters>,,</ownDataTypeParameters>
<previousColumn>false</previousColumn>
<autoIncrementCycle>false</autoIncrementCycle>
<associations>
<colAssociation fkAssociation="E201D526-D4DE-396E-0102-4CEB719B07B7" referredColumn="D1E5F386-C6AD-AA12-7B17-16AAFA4736E1"/>
</associations>
</Column>
</columns>
<indexes itemClass="oracle.dbtools.crest.model.design.relational.Index">
<ind_PK_UK id="E5BA26EB-CCE8-3B9E-6DB5-4B1834DD1CC6" name="Calificacion_PK">
<createdBy>Matias</createdBy>
<createdTime>2024-09-23 23:45:07 UTC</createdTime>
<generatorID>B0A4774E-23FC-C53B-C266-714321D26A43</generatorID>
<ownerDesignName>Base_Datos</ownerDesignName>
<pk>true</pk>
<indexState>Primary Constraint</indexState>
<isSurrogateKey>false</isSurrogateKey>
<indexColumnUsage>
<colUsage columnID="86A73619-58C1-AE03-9C0E-D649E61DD2D3"/>
</indexColumnUsage>
</ind_PK_UK>
<ind_PK_UK id="099343EF-C209-045E-B23A-DD0DCBAB2F51" name="Calificacion_Clientes_FK">
<createdBy>Matias</createdBy>
<createdTime>2024-09-23 23:45:07 UTC</createdTime>
<generatorID>D5C71727-ABBB-C31A-CCC0-25845B8C4654</generatorID>
<ownerDesignName>Base_Datos</ownerDesignName>
<indexState>Foreign Key</indexState>
<isSurrogateKey>false</isSurrogateKey>
<indexColumnUsage>
<colUsage columnID="7986A6E4-B16A-44A8-944C-B52CECFF1369"/>
</indexColumnUsage>
</ind_PK_UK>
<ind_PK_UK id="078F2AC6-5C53-4E70-6937-BD19D35D5DDF" name="Calificacion_Producto_FK">
<createdBy>Matias</createdBy>
<createdTime>2024-09-23 23:45:07 UTC</createdTime>
<generatorID>E281143B-0153-480E-28D4-251A35FD64A5</generatorID>
<ownerDesignName>Base_Datos</ownerDesignName>
<indexState>Foreign Key</indexState>
<isSurrogateKey>false</isSurrogateKey>
<indexColumnUsage>
<colUsage columnID="95FDEE60-9D6A-4BFD-2245-E6F3A1FE6D39"/>
</indexColumnUsage>
</ind_PK_UK>
<ind_PK_UK id="2A20C5C2-D42D-4418-8344-59DC17A8CF01" name="Calificacion_Proveedor_FK">
<createdBy>Matias</createdBy>
<createdTime>2024-09-23 23:45:07 UTC</createdTime>
<generatorID>EBB0F3D6-288E-B886-CED2-5097D34E176D</generatorID>
<ownerDesignName>Base_Datos</ownerDesignName>
<indexState>Foreign Key</indexState>
<isSurrogateKey>false</isSurrogateKey>
<indexColumnUsage>
<colUsage columnID="199C74F3-E3CE-9B4A-3978-7A70AA12FAA5"/>
</indexColumnUsage>
</ind_PK_UK>
</indexes>
</Table>