<?xml version = '1.0' encoding = 'UTF-8'?>
<Table class="oracle.dbtools.crest.model.design.relational.Table" directorySegmentName="seg_0" id="4E327FFF-72BB-6AFB-943D-DEAA86B1DEED" name="Detalle_Producto">
<createdBy>Matias</createdBy>
<createdTime>2024-09-23 23:45:07 UTC</createdTime>
<generatorID>660682AE-8C14-E092-E156-75056D88D524</generatorID>
<ownerDesignName>Base_Datos</ownerDesignName>
<allowColumnReorder>false</allowColumnReorder>
<existDependencyGenerateInDDl>true</existDependencyGenerateInDDl>
<parsed>true</parsed>
<columns itemClass="oracle.dbtools.crest.model.design.relational.Column">
<Column name="id_detalle" id="1E4D1CB9-0418-E204-FE14-297829EDCCE8">
<createdBy>Matias</createdBy>
<createdTime>2024-09-23 23:45:07 UTC</createdTime>
<generatorID>827D9632-CA2F-5083-9C4B-DDDC782FCA64</generatorID>
<ownerDesignName>Base_Datos</ownerDesignName>
<useDomainConstraints>false</useDomainConstraints>
<use>1</use>
<logicalDatatype>LOGDT011</logicalDatatype>
<ownDataTypeParameters>,,</ownDataTypeParameters>
<autoIncrementCycle>false</autoIncrementCycle>
</Column>
<Column name="imagen_producto" id="9934EDF4-6AB4-7542-EE52-D409D07B14FA">
<createdBy>Matias</createdBy>
<createdTime>2024-09-23 23:45:07 UTC</createdTime>
<generatorID>1120F97C-2BAF-2600-C42E-8AC59AE67A11</generatorID>
<ownerDesignName>Base_Datos</ownerDesignName>
<useDomainConstraints>false</useDomainConstraints>
<use>1</use>
<logicalDatatype>LOGDT010</logicalDatatype>
<ownDataTypeParameters>,,</ownDataTypeParameters>
<autoIncrementCycle>false</autoIncrementCycle>
</Column>
<Column name="especificaciones" id="BF8B8ECE-5F47-4FDE-996E-C1659CBEADB5">
<createdBy>Matias</createdBy>
<createdTime>2024-09-23 23:45:07 UTC</createdTime>
<generatorID>DF24524D-ED46-1CF6-F7F1-3817344638C9</generatorID>
<ownerDesignName>Base_Datos</ownerDesignName>
<useDomainConstraints>false</useDomainConstraints>
<use>1</use>
<logicalDatatype>LOGDT024</logicalDatatype>
<dataTypeSize>300 CHAR</dataTypeSize>
<ownDataTypeParameters>300 CHAR,,</ownDataTypeParameters>
<autoIncrementCycle>false</autoIncrementCycle>
</Column>
<Column name="Producto_Codigo_Producto" id="4788B7FB-81E8-DFC4-8CE7-F55DCFC5503B">
<createdBy>Matias</createdBy>
<createdTime>2024-09-23 23:45:07 UTC</createdTime>
<generatorID>168BBAA1-FA44-A7ED-3A46-99E638F227EB</generatorID>
<ownerDesignName>Base_Datos</ownerDesignName>
<useDomainConstraints>false</useDomainConstraints>
<use>1</use>
<logicalDatatype>LOGDT024</logicalDatatype>
<dataTypeSize>100 CHAR</dataTypeSize>
<ownDataTypeParameters>100 CHAR,,</ownDataTypeParameters>
<previousColumn>false</previousColumn>
<autoIncrementCycle>false</autoIncrementCycle>
<associations>
<colAssociation fkAssociation="84A4DDA6-6B60-5487-625A-3BF9012F2C47" referredColumn="7D3B617F-C0F8-7B2E-1A77-A0091D2BC54A"/>
</associations>
</Column>
<Column name="Codigo_Producto" id="64EC514B-9AF3-858A-41B5-2EFFA53DF59D">
<createdBy>Matias</createdBy>
<createdTime>2024-09-24 21:52:36 UTC</createdTime>
<generatorID>4F519B73-6FF5-6760-4338-CD110A548B06</generatorID>
<ownerDesignName>Base_Datos</ownerDesignName>
<useDomainConstraints>false</useDomainConstraints>
<use>1</use>
<logicalDatatype>LOGDT024</logicalDatatype>
<ownDataTypeParameters>,,</ownDataTypeParameters>
<previousColumn>false</previousColumn>
<autoIncrementCycle>false</autoIncrementCycle>
</Column>
</columns>
<indexes itemClass="oracle.dbtools.crest.model.design.relational.Index">
<ind_PK_UK id="F6759837-960B-B50D-6E2C-634903CA2E33" name="Detalle_Producto_PK">
<createdBy>Matias</createdBy>
<createdTime>2024-09-23 23:45:07 UTC</createdTime>
<generatorID>1A720ECB-2B75-FD5A-161C-10FD179246A4</generatorID>
<ownerDesignName>Base_Datos</ownerDesignName>
<pk>true</pk>
<indexState>Primary Constraint</indexState>
<isSurrogateKey>false</isSurrogateKey>
<indexColumnUsage>
<colUsage columnID="1E4D1CB9-0418-E204-FE14-297829EDCCE8"/>
<colUsage columnID="64EC514B-9AF3-858A-41B5-2EFFA53DF59D"/>
</indexColumnUsage>
</ind_PK_UK>
<ind_PK_UK id="10FB5EC5-78ED-CC07-5D02-7F26A6BAE5C8" name="Detalle_Producto__IDX">
<createdBy>Matias</createdBy>
<createdTime>2024-09-23 23:45:07 UTC</createdTime>
<ownerDesignName>Base_Datos</ownerDesignName>
<indexState>Unique Plain Index</indexState>
<isSurrogateKey>false</isSurrogateKey>
<relationGeneratorID>04517914-F3B9-8FF7-6DCD-2E1A01FCACB3</relationGeneratorID>
<indexColumnUsage>
<colUsage columnID="4788B7FB-81E8-DFC4-8CE7-F55DCFC5503B"/>
</indexColumnUsage>
</ind_PK_UK>
<ind_PK_UK id="08C645CB-5956-7C2B-7B7A-625F59BD30D4" name="Detalle_Producto_Producto_FK">
<createdBy>Matias</createdBy>
<createdTime>2024-09-23 23:45:07 UTC</createdTime>
<generatorID>04517914-F3B9-8FF7-6DCD-2E1A01FCACB3</generatorID>
<ownerDesignName>Base_Datos</ownerDesignName>
<indexState>Foreign Key</indexState>
<isSurrogateKey>false</isSurrogateKey>
<indexColumnUsage>
<colUsage columnID="4788B7FB-81E8-DFC4-8CE7-F55DCFC5503B"/>
</indexColumnUsage>
</ind_PK_UK>
</indexes>
</Table>