<?xml version = '1.0' encoding = 'UTF-8'?>
<Table class="oracle.dbtools.crest.model.design.relational.Table" directorySegmentName="seg_0" id="88396F10-60B3-C92B-DA59-BF43B1722566" name="Provincia">
<createdBy>Matias</createdBy>
<createdTime>2024-09-23 23:45:07 UTC</createdTime>
<generatorID>1ECECE0B-52CB-A7EB-57D5-4DA80A9E0AB7</generatorID>
<ownerDesignName>Base_Datos</ownerDesignName>
<allowColumnReorder>false</allowColumnReorder>
<existDependencyGenerateInDDl>true</existDependencyGenerateInDDl>
<parsed>true</parsed>
<columns itemClass="oracle.dbtools.crest.model.design.relational.Column">
<Column name="id_provincia" id="8D2EC548-438A-49C0-1049-4A2B2BFD4F32">
<createdBy>Matias</createdBy>
<createdTime>2024-09-23 23:45:07 UTC</createdTime>
<generatorID>BEE83F1D-A29C-E8BC-CF65-E0E989BF5E04</generatorID>
<ownerDesignName>Base_Datos</ownerDesignName>
<useDomainConstraints>false</useDomainConstraints>
<use>1</use>
<logicalDatatype>LOGDT011</logicalDatatype>
<ownDataTypeParameters>,,</ownDataTypeParameters>
<autoIncrementCycle>false</autoIncrementCycle>
</Column>
<Column name="Nombre_provincia" id="5E0145B5-7B6C-AE11-C377-D6E6D5313276">
<createdBy>Matias</createdBy>
<createdTime>2024-09-23 23:45:07 UTC</createdTime>
<generatorID>5E4B8790-A880-AE7B-A6E5-E9612E4DF7CF</generatorID>
<ownerDesignName>Base_Datos</ownerDesignName>
<useDomainConstraints>false</useDomainConstraints>
<use>1</use>
<logicalDatatype>LOGDT024</logicalDatatype>
<dataTypeSize>100 CHAR</dataTypeSize>
<ownDataTypeParameters>100 CHAR,,</ownDataTypeParameters>
<autoIncrementCycle>false</autoIncrementCycle>
</Column>
<Column name="Region_id_region" id="40B5696E-DC99-090B-69F3-3244D7DD83AE">
<createdBy>Matias</createdBy>
<createdTime>2024-09-23 23:45:07 UTC</createdTime>
<generatorID>EE30D837-4997-B2D5-22D1-2352BEF01B28</generatorID>
<ownerDesignName>Base_Datos</ownerDesignName>
<useDomainConstraints>false</useDomainConstraints>
<use>1</use>
<logicalDatatype>LOGDT011</logicalDatatype>
<ownDataTypeParameters>,,</ownDataTypeParameters>
<previousColumn>false</previousColumn>
<autoIncrementCycle>false</autoIncrementCycle>
<associations>
<colAssociation fkAssociation="89B2090C-A058-03D8-B3C5-83F8B80A80A0" referredColumn="A3614DE7-AB8E-B15C-F3BA-076BF90A6DF1"/>
</associations>
</Column>
</columns>
<indexes itemClass="oracle.dbtools.crest.model.design.relational.Index">
<ind_PK_UK id="D48F4A9F-3FD4-F01A-6B40-E76782BE369C" name="Provincia_PK">
<createdBy>Matias</createdBy>
<createdTime>2024-09-23 23:45:07 UTC</createdTime>
<generatorID>0C9EB818-6C06-D353-5D5B-8FF215330BAF</generatorID>
<ownerDesignName>Base_Datos</ownerDesignName>
<pk>true</pk>
<indexState>Primary Constraint</indexState>
<isSurrogateKey>false</isSurrogateKey>
<indexColumnUsage>
<colUsage columnID="8D2EC548-438A-49C0-1049-4A2B2BFD4F32"/>
</indexColumnUsage>
</ind_PK_UK>
<ind_PK_UK id="027A7BAF-FBF2-7FCC-8E6A-06421C2383C5" name="Provincia_Region_FK">
<createdBy>Matias</createdBy>
<createdTime>2024-09-23 23:45:07 UTC</createdTime>
<generatorID>B454DF3E-45C7-E074-3C9C-AD038AF13F79</generatorID>
<ownerDesignName>Base_Datos</ownerDesignName>
<indexState>Foreign Key</indexState>
<isSurrogateKey>false</isSurrogateKey>
<indexColumnUsage>
<colUsage columnID="40B5696E-DC99-090B-69F3-3244D7DD83AE"/>
</indexColumnUsage>
</ind_PK_UK>
</indexes>
</Table>