<?xml version = '1.0' encoding = 'UTF-8'?>
<Table class="oracle.dbtools.crest.model.design.relational.Table" directorySegmentName="seg_0" id="91752ED6-AE58-891F-C92B-66DE1AD77FAC" name="Administrador_proveedor">
<createdBy>Matias</createdBy>
<createdTime>2024-09-23 23:45:07 UTC</createdTime>
<generatorID>8619912D-A483-FF7E-3A26-27C4F73F3085</generatorID>
<ownerDesignName>Base_Datos</ownerDesignName>
<allowColumnReorder>false</allowColumnReorder>
<existDependencyGenerateInDDl>true</existDependencyGenerateInDDl>
<parsed>true</parsed>
<columns itemClass="oracle.dbtools.crest.model.design.relational.Column">
<Column name="Proveedor_Rut" id="60A34F59-0F41-2213-81AA-F229221B5BCF">
<createdBy>Matias</createdBy>
<createdTime>2024-09-23 23:45:07 UTC</createdTime>
<generatorID>7F0384DF-FF42-97AC-8559-4BB4FB71EBD2</generatorID>
<ownerDesignName>Base_Datos</ownerDesignName>
<useDomainConstraints>false</useDomainConstraints>
<use>1</use>
<logicalDatatype>LOGDT011</logicalDatatype>
<ownDataTypeParameters>,,</ownDataTypeParameters>
<previousColumn>false</previousColumn>
<autoIncrementCycle>false</autoIncrementCycle>
<associations>
<colAssociation fkAssociation="301D30AE-D51B-1FD3-ADEA-C3C205514065" referredColumn="7437B642-3258-BB86-C7BA-E8E1BB6ADDDD"/>
</associations>
</Column>
<Column name="Administrador_id_administrador" id="890E07BE-1BE5-00C6-6136-65D97FC3B347">
<createdBy>Matias</createdBy>
<createdTime>2024-09-23 23:45:07 UTC</createdTime>
<generatorID>9A031D7C-A357-23C3-245C-1BCA7919B32B</generatorID>
<ownerDesignName>Base_Datos</ownerDesignName>
<useDomainConstraints>false</useDomainConstraints>
<use>1</use>
<logicalDatatype>LOGDT011</logicalDatatype>
<ownDataTypeParameters>,,</ownDataTypeParameters>
<previousColumn>false</previousColumn>
<autoIncrementCycle>false</autoIncrementCycle>
<associations>
<colAssociation fkAssociation="734D28ED-D4A7-6249-EA00-112BA82ABED6" referredColumn="F22E88DF-5A64-6FCB-76DF-68CA53D1C3AD"/>
</associations>
</Column>
</columns>
<indexes itemClass="oracle.dbtools.crest.model.design.relational.Index">
<ind_PK_UK id="DDE94E82-1AE1-1802-C429-DCB59367B1D5" name="Administrador_proveedor_Administrador_FK">
<createdBy>Matias</createdBy>
<createdTime>2024-09-23 23:45:07 UTC</createdTime>
<generatorID>3D22E038-3EFB-4ED4-00BA-77E36A753801</generatorID>
<ownerDesignName>Base_Datos</ownerDesignName>
<indexState>Foreign Key</indexState>
<isSurrogateKey>false</isSurrogateKey>
<indexColumnUsage>
<colUsage columnID="890E07BE-1BE5-00C6-6136-65D97FC3B347"/>
</indexColumnUsage>
</ind_PK_UK>
<ind_PK_UK id="1C9F1C82-88BE-A513-8AC2-662720E680F8" name="Administrador_proveedor_Proveedor_FK">
<createdBy>Matias</createdBy>
<createdTime>2024-09-23 23:45:07 UTC</createdTime>
<generatorID>A968AC92-37F1-1ECF-60A2-29ED0FA3993B</generatorID>
<ownerDesignName>Base_Datos</ownerDesignName>
<indexState>Foreign Key</indexState>
<isSurrogateKey>false</isSurrogateKey>
<indexColumnUsage>
<colUsage columnID="60A34F59-0F41-2213-81AA-F229221B5BCF"/>
</indexColumnUsage>
</ind_PK_UK>
</indexes>
</Table>