<?xml version = '1.0' encoding = 'UTF-8'?>
<Table class="oracle.dbtools.crest.model.design.relational.Table" directorySegmentName="seg_0" id="BDDFC139-5D99-D904-68E4-4BC60A76063F" name="Carrito">
<createdBy>Matias</createdBy>
<createdTime>2024-09-23 23:45:07 UTC</createdTime>
<generatorID>EF447D71-19A0-0949-40A4-CEF12E46DD6A</generatorID>
<ownerDesignName>Base_Datos</ownerDesignName>
<allowColumnReorder>false</allowColumnReorder>
<existDependencyGenerateInDDl>true</existDependencyGenerateInDDl>
<parsed>true</parsed>
<columns itemClass="oracle.dbtools.crest.model.design.relational.Column">
<Column name="id_carrito" id="5CB19799-0F4E-EE1C-7788-E9D006714694">
<createdBy>Matias</createdBy>
<createdTime>2024-09-23 23:45:07 UTC</createdTime>
<generatorID>5422DCAD-180B-7D4C-0E6A-3544CC950C85</generatorID>
<ownerDesignName>Base_Datos</ownerDesignName>
<useDomainConstraints>false</useDomainConstraints>
<use>1</use>
<logicalDatatype>LOGDT011</logicalDatatype>
<ownDataTypeParameters>,,</ownDataTypeParameters>
<autoIncrementCycle>false</autoIncrementCycle>
</Column>
<Column name="Fecha_agregado" id="F21C21BF-1E63-5D11-4D87-E5E602AF2105">
<createdBy>Matias</createdBy>
<createdTime>2024-09-23 23:45:07 UTC</createdTime>
<generatorID>444FECE1-E8F4-7682-F540-2A59F4FBF048</generatorID>
<ownerDesignName>Base_Datos</ownerDesignName>
<useDomainConstraints>false</useDomainConstraints>
<use>1</use>
<logicalDatatype>LOGDT008</logicalDatatype>
<ownDataTypeParameters>,,</ownDataTypeParameters>
<autoIncrementCycle>false</autoIncrementCycle>
</Column>
<Column name="estado_carrito" id="1DC12A43-CA64-DBCE-1B01-7CAAB72BD87B">
<createdBy>Matias</createdBy>
<createdTime>2024-09-23 23:45:07 UTC</createdTime>
<generatorID>CADFEA94-5577-0A11-1B46-C14524EA1C8E</generatorID>
<ownerDesignName>Base_Datos</ownerDesignName>
<useDomainConstraints>false</useDomainConstraints>
<use>1</use>
<logicalDatatype>LOGDT020</logicalDatatype>
<ownDataTypeParameters>,,</ownDataTypeParameters>
<autoIncrementCycle>false</autoIncrementCycle>
</Column>
<Column name="Monto_Total" id="8FB46C3A-1B54-35CF-C749-EE4D69DEF038">
<createdBy>Matias</createdBy>
<createdTime>2024-09-23 23:45:07 UTC</createdTime>
<generatorID>B5623832-3589-ACB7-71CF-D86BA238A5EE</generatorID>
<ownerDesignName>Base_Datos</ownerDesignName>
<useDomainConstraints>false</useDomainConstraints>
<use>1</use>
<logicalDatatype>LOGDT019</logicalDatatype>
<ownDataTypeParameters>,,</ownDataTypeParameters>
<autoIncrementCycle>false</autoIncrementCycle>
</Column>
<Column name="Clientes_Rut_cliente" id="052A66DA-293D-EA90-7E10-C3625C6E1F70">
<createdBy>Matias</createdBy>
<createdTime>2024-09-23 23:45:07 UTC</createdTime>
<generatorID>87AB4C17-B853-7713-508A-36E73EFA24D8</generatorID>
<ownerDesignName>Base_Datos</ownerDesignName>
<useDomainConstraints>false</useDomainConstraints>
<use>1</use>
<logicalDatatype>LOGDT011</logicalDatatype>
<ownDataTypeParameters>,,</ownDataTypeParameters>
<previousColumn>false</previousColumn>
<autoIncrementCycle>false</autoIncrementCycle>
<associations>
<colAssociation fkAssociation="CED11B7B-F9DE-79F6-B9D1-29CC02FFB497" referredColumn="D1E5F386-C6AD-AA12-7B17-16AAFA4736E1"/>
</associations>
</Column>
</columns>
<indexes itemClass="oracle.dbtools.crest.model.design.relational.Index">
<ind_PK_UK id="42CC913E-81C3-BE62-B5F9-02614789DF19" name="Carrito_PK">
<createdBy>Matias</createdBy>
<createdTime>2024-09-23 23:45:07 UTC</createdTime>
<generatorID>7010E633-1D80-E020-12CA-822FA56306E1</generatorID>
<ownerDesignName>Base_Datos</ownerDesignName>
<pk>true</pk>
<indexState>Primary Constraint</indexState>
<isSurrogateKey>false</isSurrogateKey>
<indexColumnUsage>
<colUsage columnID="5CB19799-0F4E-EE1C-7788-E9D006714694"/>
</indexColumnUsage>
</ind_PK_UK>
<ind_PK_UK id="EACFF7E5-CBC1-FE11-DC22-D475DCBBE80C" name="Carrito__IDX">
<createdBy>Matias</createdBy>
<createdTime>2024-09-23 23:45:07 UTC</createdTime>
<ownerDesignName>Base_Datos</ownerDesignName>
<indexState>Unique Plain Index</indexState>
<isSurrogateKey>false</isSurrogateKey>
<relationGeneratorID>506C8F1D-050E-D5F7-ECCA-1010DD4C86A1</relationGeneratorID>
</ind_PK_UK>
<ind_PK_UK id="66BE29F6-6DDD-17F4-20BB-D61E85E3EBE4" name="Carrito_Clientes_FK">
<createdBy>Matias</createdBy>
<createdTime>2024-09-23 23:45:07 UTC</createdTime>
<generatorID>E29C0DF8-41E5-AF84-F29F-14F0E26E26F9</generatorID>
<ownerDesignName>Base_Datos</ownerDesignName>
<indexState>Foreign Key</indexState>
<isSurrogateKey>false</isSurrogateKey>
<indexColumnUsage>
<colUsage columnID="052A66DA-293D-EA90-7E10-C3625C6E1F70"/>
</indexColumnUsage>
</ind_PK_UK>
</indexes>
</Table>