<?xml version = '1.0' encoding = 'UTF-8'?>
<Table class="oracle.dbtools.crest.model.design.relational.Table" directorySegmentName="seg_0" id="C75D6D72-55F8-EA2E-AC16-682DAE67E0E0" name="Direccion">
<createdBy>Matias</createdBy>
<createdTime>2024-09-23 23:45:07 UTC</createdTime>
<generatorID>74EACE5B-CAB5-0163-DDD7-8D343BA2E72E</generatorID>
<ownerDesignName>Base_Datos</ownerDesignName>
<allowColumnReorder>false</allowColumnReorder>
<existDependencyGenerateInDDl>true</existDependencyGenerateInDDl>
<parsed>true</parsed>
<columns itemClass="oracle.dbtools.crest.model.design.relational.Column">
<Column name="id_direccion" id="2C05111C-E67F-958F-9DD9-766C2041FE73">
<createdBy>Matias</createdBy>
<createdTime>2024-09-23 23:45:07 UTC</createdTime>
<generatorID>03DF88F0-C170-4D32-D192-48656091DD84</generatorID>
<ownerDesignName>Base_Datos</ownerDesignName>
<useDomainConstraints>false</useDomainConstraints>
<use>1</use>
<logicalDatatype>LOGDT011</logicalDatatype>
<ownDataTypeParameters>,,</ownDataTypeParameters>
<autoIncrementCycle>false</autoIncrementCycle>
</Column>
<Column name="tipo_direccion" id="F59B2361-021E-0F9F-523E-D0E83B6510FC">
<createdBy>Matias</createdBy>
<createdTime>2024-09-23 23:45:07 UTC</createdTime>
<generatorID>6B0180E0-AE41-77CD-6359-709114B307A4</generatorID>
<ownerDesignName>Base_Datos</ownerDesignName>
<useDomainConstraints>false</useDomainConstraints>
<use>1</use>
<logicalDatatype>LOGDT024</logicalDatatype>
<dataTypeSize>200 CHAR</dataTypeSize>
<ownDataTypeParameters>200 CHAR,,</ownDataTypeParameters>
<autoIncrementCycle>false</autoIncrementCycle>
</Column>
<Column name="latitud" id="B2954805-FE32-74E4-EEB8-FE44A85375ED">
<createdBy>Matias</createdBy>
<createdTime>2024-09-23 23:45:07 UTC</createdTime>
<generatorID>2B8C0D99-6395-B785-6776-0005566410CF</generatorID>
<ownerDesignName>Base_Datos</ownerDesignName>
<useDomainConstraints>false</useDomainConstraints>
<use>1</use>
<logicalDatatype>LOGDT024</logicalDatatype>
<dataTypeSize>100 CHAR</dataTypeSize>
<ownDataTypeParameters>100 CHAR,,</ownDataTypeParameters>
<autoIncrementCycle>false</autoIncrementCycle>
</Column>
<Column name="longitud" id="DDA7D404-3261-6AC9-908E-4F60DD82D7BA">
<createdBy>Matias</createdBy>
<createdTime>2024-09-23 23:45:07 UTC</createdTime>
<generatorID>24559BC9-FFAF-C5D8-04BF-97ACA9339C71</generatorID>
<ownerDesignName>Base_Datos</ownerDesignName>
<useDomainConstraints>false</useDomainConstraints>
<use>1</use>
<logicalDatatype>LOGDT024</logicalDatatype>
<dataTypeSize>100 CHAR</dataTypeSize>
<ownDataTypeParameters>100 CHAR,,</ownDataTypeParameters>
<autoIncrementCycle>false</autoIncrementCycle>
</Column>
<Column name="Comuna_id_comuna" id="CF99115E-AC9A-9BAF-AFA1-8DDA235CBFED">
<createdBy>Matias</createdBy>
<createdTime>2024-09-23 23:45:07 UTC</createdTime>
<generatorID>81EFF9C7-D485-0447-36BA-049C0B4D90BC</generatorID>
<ownerDesignName>Base_Datos</ownerDesignName>
<useDomainConstraints>false</useDomainConstraints>
<use>1</use>
<logicalDatatype>LOGDT011</logicalDatatype>
<ownDataTypeParameters>,,</ownDataTypeParameters>
<previousColumn>false</previousColumn>
<autoIncrementCycle>false</autoIncrementCycle>
<associations>
<colAssociation fkAssociation="0D70A267-AE4A-02D2-E2DB-305182DD124A" referredColumn="14A43429-502C-83A7-E9BC-456F672D7BAB"/>
</associations>
</Column>
<Column name="Proveedor_Rut" id="1F6792C3-EEC8-101B-BA29-CA74D610D30F">
<createdBy>Matias</createdBy>
<createdTime>2024-09-23 23:45:07 UTC</createdTime>
<generatorID>8ACF97FA-59E1-ACBD-3814-F1CB3C0DD192</generatorID>
<ownerDesignName>Base_Datos</ownerDesignName>
<useDomainConstraints>false</useDomainConstraints>
<use>1</use>
<logicalDatatype>LOGDT011</logicalDatatype>
<ownDataTypeParameters>,,</ownDataTypeParameters>
<previousColumn>false</previousColumn>
<autoIncrementCycle>false</autoIncrementCycle>
<associations>
<colAssociation fkAssociation="3C3DFE50-E150-4837-A7F0-B82A22C80911" referredColumn="7437B642-3258-BB86-C7BA-E8E1BB6ADDDD"/>
</associations>
</Column>
<Column name="Clientes_Rut_cliente" id="BD2D65AE-35D6-ED72-B496-BA289543D6B7">
<createdBy>Matias</createdBy>
<createdTime>2024-09-23 23:45:07 UTC</createdTime>
<generatorID>CBB63C08-1590-3414-826A-84B9587EFFE0</generatorID>
<ownerDesignName>Base_Datos</ownerDesignName>
<useDomainConstraints>false</useDomainConstraints>
<use>1</use>
<logicalDatatype>LOGDT011</logicalDatatype>
<ownDataTypeParameters>,,</ownDataTypeParameters>
<previousColumn>false</previousColumn>
<autoIncrementCycle>false</autoIncrementCycle>
<associations>
<colAssociation fkAssociation="18F82855-8176-F1A2-C283-2F827CCDE385" referredColumn="D1E5F386-C6AD-AA12-7B17-16AAFA4736E1"/>
</associations>
</Column>
</columns>
<indexes itemClass="oracle.dbtools.crest.model.design.relational.Index">
<ind_PK_UK id="35C1FB32-1276-5ACE-21A2-2B83BB422A5E" name="Direccion_PK">
<createdBy>Matias</createdBy>
<createdTime>2024-09-23 23:45:07 UTC</createdTime>
<generatorID>B6A6A253-21F9-CF7E-66CB-B505078ACC73</generatorID>
<ownerDesignName>Base_Datos</ownerDesignName>
<pk>true</pk>
<indexState>Primary Constraint</indexState>
<isSurrogateKey>false</isSurrogateKey>
<indexColumnUsage>
<colUsage columnID="2C05111C-E67F-958F-9DD9-766C2041FE73"/>
</indexColumnUsage>
</ind_PK_UK>
<ind_PK_UK id="10908896-5F2C-30E7-8EEB-D3E3B6DCBA0F" name="Direccion_Comuna_FK">
<createdBy>Matias</createdBy>
<createdTime>2024-09-23 23:45:07 UTC</createdTime>
<generatorID>658A56D6-38BC-1476-E727-5FC64D5E6E68</generatorID>
<ownerDesignName>Base_Datos</ownerDesignName>
<indexState>Foreign Key</indexState>
<isSurrogateKey>false</isSurrogateKey>
<indexColumnUsage>
<colUsage columnID="CF99115E-AC9A-9BAF-AFA1-8DDA235CBFED"/>
</indexColumnUsage>
</ind_PK_UK>
<ind_PK_UK id="84A24A21-74AB-7C17-2D07-76A272EED366" name="Direccion_Clientes_FK">
<createdBy>Matias</createdBy>
<createdTime>2024-09-23 23:45:07 UTC</createdTime>
<generatorID>E2CABBFE-F3BF-0EDF-0169-807BA76804E7</generatorID>
<ownerDesignName>Base_Datos</ownerDesignName>
<indexState>Foreign Key</indexState>
<isSurrogateKey>false</isSurrogateKey>
<indexColumnUsage>
<colUsage columnID="BD2D65AE-35D6-ED72-B496-BA289543D6B7"/>
</indexColumnUsage>
</ind_PK_UK>
<ind_PK_UK id="524CE1EB-DC7B-4FC2-5ED1-F57B5CEC2FE8" name="Direccion_Proveedor_FK">
<createdBy>Matias</createdBy>
<createdTime>2024-09-23 23:45:07 UTC</createdTime>
<generatorID>3780857C-B3DC-5C0D-249C-85CC95FC8557</generatorID>
<ownerDesignName>Base_Datos</ownerDesignName>
<indexState>Foreign Key</indexState>
<isSurrogateKey>false</isSurrogateKey>
<indexColumnUsage>
<colUsage columnID="1F6792C3-EEC8-101B-BA29-CA74D610D30F"/>
</indexColumnUsage>
</ind_PK_UK>
</indexes>
</Table>