<?xml version = '1.0' encoding = 'UTF-8'?>
<Table class="oracle.dbtools.crest.model.design.relational.Table" directorySegmentName="seg_0" id="C92E5874-9000-CA57-E90B-722618302106" name="Producto_venta">
<createdBy>Matias</createdBy>
<createdTime>2024-09-23 23:45:07 UTC</createdTime>
<generatorID>34F9CEF3-9452-AFDC-2979-ABDB467B30E4</generatorID>
<ownerDesignName>Base_Datos</ownerDesignName>
<allowColumnReorder>false</allowColumnReorder>
<existDependencyGenerateInDDl>true</existDependencyGenerateInDDl>
<parsed>true</parsed>
<columns itemClass="oracle.dbtools.crest.model.design.relational.Column">
<Column name="Producto_Codigo_Producto" id="AE081D91-3090-2A6D-2FC0-04C416906B86">
<createdBy>Matias</createdBy>
<createdTime>2024-09-23 23:45:07 UTC</createdTime>
<generatorID>E6F3EB36-C2F3-1AD8-80E3-4A85A6868ABA</generatorID>
<ownerDesignName>Base_Datos</ownerDesignName>
<useDomainConstraints>false</useDomainConstraints>
<use>1</use>
<logicalDatatype>LOGDT024</logicalDatatype>
<dataTypeSize>100 CHAR</dataTypeSize>
<ownDataTypeParameters>,,</ownDataTypeParameters>
<previousColumn>false</previousColumn>
<autoIncrementCycle>false</autoIncrementCycle>
<associations>
<colAssociation fkAssociation="66769B70-D77C-B6B6-38B1-CB9C1A10013E" referredColumn="7D3B617F-C0F8-7B2E-1A77-A0091D2BC54A"/>
</associations>
</Column>
<Column name="Carrito_id_carrito" id="DC8F25A7-F368-C31C-5D58-08542BACD6A3">
<createdBy>Matias</createdBy>
<createdTime>2024-09-23 23:45:07 UTC</createdTime>
<generatorID>2E7CD1D4-4EA0-08A7-CDDB-BB186240E062</generatorID>
<ownerDesignName>Base_Datos</ownerDesignName>
<useDomainConstraints>false</useDomainConstraints>
<use>1</use>
<logicalDatatype>LOGDT011</logicalDatatype>
<ownDataTypeParameters>,,</ownDataTypeParameters>
<previousColumn>false</previousColumn>
<autoIncrementCycle>false</autoIncrementCycle>
<associations>
<colAssociation fkAssociation="99E620DE-334C-C8E0-2FA8-1939B718941C" referredColumn="5CB19799-0F4E-EE1C-7788-E9D006714694"/>
</associations>
</Column>
<Column name="cantidad" id="B161DB8F-B7A3-3059-FCA7-94D507D4A0C3">
<createdBy>Matias</createdBy>
<createdTime>2024-09-23 23:45:07 UTC</createdTime>
<generatorID>1578BDC8-CC44-B623-26AD-BCCB757740B6</generatorID>
<ownerDesignName>Base_Datos</ownerDesignName>
<useDomainConstraints>false</useDomainConstraints>
<use>1</use>
<logicalDatatype>LOGDT019</logicalDatatype>
<ownDataTypeParameters>,,</ownDataTypeParameters>
<autoIncrementCycle>false</autoIncrementCycle>
</Column>
<Column name="precio_unitario" id="2736F4F8-DD22-8196-8F7C-06E6A04931CD">
<createdBy>Matias</createdBy>
<createdTime>2024-09-23 23:45:07 UTC</createdTime>
<generatorID>0086B29E-ABB7-AF59-6B3C-85F41BA32F85</generatorID>
<ownerDesignName>Base_Datos</ownerDesignName>
<useDomainConstraints>false</useDomainConstraints>
<use>1</use>
<logicalDatatype>LOGDT019</logicalDatatype>
<ownDataTypeParameters>,,</ownDataTypeParameters>
<autoIncrementCycle>false</autoIncrementCycle>
</Column>
<Column name="subtotal" id="3EE38ABF-2E5C-B69A-06C6-9CAF51A687F9">
<createdBy>Matias</createdBy>
<createdTime>2024-09-23 23:45:07 UTC</createdTime>
<generatorID>51CD9EE4-B99F-19F8-E047-B0DAF53152D2</generatorID>
<ownerDesignName>Base_Datos</ownerDesignName>
<useDomainConstraints>false</useDomainConstraints>
<use>1</use>
<logicalDatatype>LOGDT019</logicalDatatype>
<ownDataTypeParameters>,,</ownDataTypeParameters>
<autoIncrementCycle>false</autoIncrementCycle>
</Column>
</columns>
<indexes itemClass="oracle.dbtools.crest.model.design.relational.Index">
<ind_PK_UK id="99B8FB7A-134E-9A33-B1A3-06E9610F9644" name="Producto_venta_Carrito_FK">
<createdBy>Matias</createdBy>
<createdTime>2024-09-23 23:45:07 UTC</createdTime>
<generatorID>BD1AC78F-A39F-89DB-8068-680ACD236CCC</generatorID>
<ownerDesignName>Base_Datos</ownerDesignName>
<indexState>Foreign Key</indexState>
<isSurrogateKey>false</isSurrogateKey>
<indexColumnUsage>
<colUsage columnID="DC8F25A7-F368-C31C-5D58-08542BACD6A3"/>
</indexColumnUsage>
</ind_PK_UK>
<ind_PK_UK id="9E915125-ECB5-403D-1657-AAF59BD3D411" name="Producto_venta_Producto_FK">
<createdBy>Matias</createdBy>
<createdTime>2024-09-23 23:45:07 UTC</createdTime>
<generatorID>CFDE59B1-369D-998A-F949-20A75CE47FB4</generatorID>
<ownerDesignName>Base_Datos</ownerDesignName>
<indexState>Foreign Key</indexState>
<isSurrogateKey>false</isSurrogateKey>
<indexColumnUsage>
<colUsage columnID="AE081D91-3090-2A6D-2FC0-04C416906B86"/>
</indexColumnUsage>
</ind_PK_UK>
</indexes>
</Table>