<?xml version = '1.0' encoding = 'UTF-8'?>
<Table class="oracle.dbtools.crest.model.design.relational.Table" directorySegmentName="seg_0" id="D8D04B50-83BC-EEA5-9156-F73703E6C0DF" name="Cliente">
<createdBy>Matias</createdBy>
<createdTime>2024-09-23 23:45:07 UTC</createdTime>
<generatorID>A0719688-9881-C2BF-2AC4-4B704B42F4B3</generatorID>
<ownerDesignName>Base_Datos</ownerDesignName>
<allowColumnReorder>false</allowColumnReorder>
<existDependencyGenerateInDDl>true</existDependencyGenerateInDDl>
<parsed>true</parsed>
<columns itemClass="oracle.dbtools.crest.model.design.relational.Column">
<Column name="Rut_cliente" id="D1E5F386-C6AD-AA12-7B17-16AAFA4736E1">
<createdBy>Matias</createdBy>
<createdTime>2024-09-23 23:45:07 UTC</createdTime>
<generatorID>826249D8-41BC-C1AD-E10C-8E352D0837B3</generatorID>
<ownerDesignName>Base_Datos</ownerDesignName>
<useDomainConstraints>false</useDomainConstraints>
<use>1</use>
<logicalDatatype>LOGDT011</logicalDatatype>
<ownDataTypeParameters>,,</ownDataTypeParameters>
<autoIncrementCycle>false</autoIncrementCycle>
</Column>
<Column name="Correo_electronico" id="11B9BB87-E500-2D67-AA5D-A6C7940E08FF">
<createdBy>Matias</createdBy>
<createdTime>2024-09-23 23:45:07 UTC</createdTime>
<generatorID>8EB3199A-2960-5174-85CB-60F7DAC18E72</generatorID>
<ownerDesignName>Base_Datos</ownerDesignName>
<useDomainConstraints>false</useDomainConstraints>
<use>1</use>
<logicalDatatype>LOGDT024</logicalDatatype>
<dataTypeSize>100 CHAR</dataTypeSize>
<ownDataTypeParameters>100 CHAR,,</ownDataTypeParameters>
<autoIncrementCycle>false</autoIncrementCycle>
</Column>
<Column name="nombre" id="ADB55157-3512-77D6-B342-4936AC1A8DF8">
<createdBy>Matias</createdBy>
<createdTime>2024-09-23 23:45:07 UTC</createdTime>
<generatorID>7CEFD3C3-9F40-16B8-1EE2-97A5235FDD83</generatorID>
<ownerDesignName>Base_Datos</ownerDesignName>
<useDomainConstraints>false</useDomainConstraints>
<use>1</use>
<logicalDatatype>LOGDT024</logicalDatatype>
<dataTypeSize>100 CHAR</dataTypeSize>
<ownDataTypeParameters>100 CHAR,,</ownDataTypeParameters>
<autoIncrementCycle>false</autoIncrementCycle>
</Column>
<Column name="Apellido" id="3982BAE4-9ECC-86CD-345E-628C04EEBE48">
<createdBy>Matias</createdBy>
<createdTime>2024-09-23 23:45:07 UTC</createdTime>
<generatorID>F51B5999-1766-E1CF-BB2E-69AF126D27D7</generatorID>
<ownerDesignName>Base_Datos</ownerDesignName>
<useDomainConstraints>false</useDomainConstraints>
<use>1</use>
<logicalDatatype>LOGDT024</logicalDatatype>
<dataTypeSize>100 CHAR</dataTypeSize>
<ownDataTypeParameters>100 CHAR,,</ownDataTypeParameters>
<autoIncrementCycle>false</autoIncrementCycle>
</Column>
<Column name="Direccion" id="858BDD7A-BEE2-8279-BB13-0D8783489488">
<createdBy>Matias</createdBy>
<createdTime>2024-09-23 23:45:07 UTC</createdTime>
<generatorID>A4D64E1E-826B-6242-0EFC-FFC1705E7C1F</generatorID>
<ownerDesignName>Base_Datos</ownerDesignName>
<useDomainConstraints>false</useDomainConstraints>
<use>1</use>
<logicalDatatype>LOGDT024</logicalDatatype>
<dataTypeSize>200 CHAR</dataTypeSize>
<ownDataTypeParameters>200 CHAR,,</ownDataTypeParameters>
<autoIncrementCycle>false</autoIncrementCycle>
</Column>
</columns>
<indexes itemClass="oracle.dbtools.crest.model.design.relational.Index">
<ind_PK_UK id="9AD14DE2-1EF7-9BC6-96FD-B3A22FE06B92" name="Clientes_PK">
<createdBy>Matias</createdBy>
<createdTime>2024-09-23 23:45:07 UTC</createdTime>
<generatorID>63353B7C-6309-DA9D-206B-EBEC51F747CA</generatorID>
<ownerDesignName>Base_Datos</ownerDesignName>
<pk>true</pk>
<indexState>Primary Constraint</indexState>
<isSurrogateKey>false</isSurrogateKey>
<indexColumnUsage>
<colUsage columnID="D1E5F386-C6AD-AA12-7B17-16AAFA4736E1"/>
</indexColumnUsage>
</ind_PK_UK>
</indexes>
</Table>