<?xml version = '1.0' encoding = 'UTF-8'?>
<Table class="oracle.dbtools.crest.model.design.relational.Table" directorySegmentName="seg_0" id="DF7A2010-6EA6-F4C3-63F3-3C79D718B5FB" name="Transaccion">
<createdBy>Matias</createdBy>
<createdTime>2024-09-23 23:45:07 UTC</createdTime>
<generatorID>6AB6E9E0-61F3-DB7A-2FC0-609DFD98A361</generatorID>
<ownerDesignName>Base_Datos</ownerDesignName>
<allowColumnReorder>false</allowColumnReorder>
<existDependencyGenerateInDDl>true</existDependencyGenerateInDDl>
<parsed>true</parsed>
<columns itemClass="oracle.dbtools.crest.model.design.relational.Column">
<Column name="id_transaccion" id="E5746C40-41AF-FE8F-1223-7BA43608F3A8">
<createdBy>Matias</createdBy>
<createdTime>2024-09-23 23:45:07 UTC</createdTime>
<generatorID>555A6FF0-207E-1C20-AA53-B7B0E4591872</generatorID>
<ownerDesignName>Base_Datos</ownerDesignName>
<useDomainConstraints>false</useDomainConstraints>
<use>1</use>
<logicalDatatype>LOGDT011</logicalDatatype>
<ownDataTypeParameters>,,</ownDataTypeParameters>
<autoIncrementCycle>false</autoIncrementCycle>
</Column>
<Column name="fecha_transaccion" id="135246A3-6310-3AC7-8804-B80429E8C19E">
<createdBy>Matias</createdBy>
<createdTime>2024-09-23 23:45:07 UTC</createdTime>
<generatorID>74A9B171-6698-66CC-F40A-A6734D9FBC00</generatorID>
<ownerDesignName>Base_Datos</ownerDesignName>
<useDomainConstraints>false</useDomainConstraints>
<use>1</use>
<logicalDatatype>LOGDT011</logicalDatatype>
<ownDataTypeParameters>,,</ownDataTypeParameters>
<autoIncrementCycle>false</autoIncrementCycle>
</Column>
<Column name="monto" id="319236F9-5246-9E31-8DF2-D601298D8585">
<createdBy>Matias</createdBy>
<createdTime>2024-09-23 23:45:07 UTC</createdTime>
<generatorID>D4163B45-05CE-049B-AEC6-48C65158BA09</generatorID>
<ownerDesignName>Base_Datos</ownerDesignName>
<useDomainConstraints>false</useDomainConstraints>
<use>1</use>
<logicalDatatype>LOGDT019</logicalDatatype>
<ownDataTypeParameters>,,</ownDataTypeParameters>
<autoIncrementCycle>false</autoIncrementCycle>
</Column>
<Column name="estado_transaccion" id="A14BD705-B5C9-7543-D2C7-CD397E79B9D0">
<createdBy>Matias</createdBy>
<createdTime>2024-09-23 23:45:07 UTC</createdTime>
<generatorID>5B7C0DB0-152E-AE80-FC4B-53AD16529D3F</generatorID>
<ownerDesignName>Base_Datos</ownerDesignName>
<useDomainConstraints>false</useDomainConstraints>
<use>1</use>
<logicalDatatype>LOGDT024</logicalDatatype>
<dataTypeSize>100 CHAR</dataTypeSize>
<ownDataTypeParameters>100 CHAR,,</ownDataTypeParameters>
<autoIncrementCycle>false</autoIncrementCycle>
</Column>
<Column name="codigo_autorizacion" id="42489674-CF0D-98F3-6B86-614312C2094F">
<createdBy>Matias</createdBy>
<createdTime>2024-09-23 23:45:07 UTC</createdTime>
<generatorID>114C2696-746B-1CAA-BE3B-2BFABC2EDCCE</generatorID>
<ownerDesignName>Base_Datos</ownerDesignName>
<useDomainConstraints>false</useDomainConstraints>
<use>1</use>
<logicalDatatype>LOGDT024</logicalDatatype>
<dataTypeSize>100 CHAR</dataTypeSize>
<ownDataTypeParameters>100 CHAR,,</ownDataTypeParameters>
<autoIncrementCycle>false</autoIncrementCycle>
</Column>
<Column name="Metodo_pago_id_metodo_pago" id="F22D8051-B042-8F54-7DDC-0B12658A86E7">
<createdBy>Matias</createdBy>
<createdTime>2024-09-23 23:45:07 UTC</createdTime>
<generatorID>D2B663E0-1216-5DE5-080D-CD441B3DB0D1</generatorID>
<ownerDesignName>Base_Datos</ownerDesignName>
<useDomainConstraints>false</useDomainConstraints>
<use>1</use>
<logicalDatatype>LOGDT011</logicalDatatype>
<ownDataTypeParameters>,,</ownDataTypeParameters>
<previousColumn>false</previousColumn>
<autoIncrementCycle>false</autoIncrementCycle>
<associations>
<colAssociation fkAssociation="75099BC1-EDD9-1F94-FAA8-A627D2CE74B1" referredColumn="C4D3B2A7-2224-9201-C825-CE26ED42BB37"/>
</associations>
</Column>
<Column name="Venta_id_venta2" id="0F3447F9-8F69-BB95-B29E-DA8922BFFFA7">
<createdBy>Matias</createdBy>
<createdTime>2024-09-24 21:52:36 UTC</createdTime>
<generatorID>47331ED4-DF69-3E28-CD46-B4B2584CE7F8</generatorID>
<ownerDesignName>Base_Datos</ownerDesignName>
<useDomainConstraints>false</useDomainConstraints>
<use>1</use>
<logicalDatatype>LOGDT011</logicalDatatype>
<ownDataTypeParameters>,,</ownDataTypeParameters>
<previousColumn>false</previousColumn>
<autoIncrementCycle>false</autoIncrementCycle>
<associations>
<colAssociation fkAssociation="8281EF42-C9B4-3D84-DCF0-F7A80A9614C5" referredColumn="FA63C915-C45A-9364-D34F-AE3EB000BBF4"/>
</associations>
</Column>
<Column name="Venta_Carrito_id_carrito2" id="27B61AB3-4B26-C558-F657-18C418D1DA49">
<createdBy>Matias</createdBy>
<createdTime>2024-09-24 21:52:36 UTC</createdTime>
<generatorID>96BADFDA-6D51-CF0F-A87E-E85B900CD50D</generatorID>
<ownerDesignName>Base_Datos</ownerDesignName>
<useDomainConstraints>false</useDomainConstraints>
<use>1</use>
<logicalDatatype>LOGDT011</logicalDatatype>
<ownDataTypeParameters>,,</ownDataTypeParameters>
<previousColumn>false</previousColumn>
<autoIncrementCycle>false</autoIncrementCycle>
<associations>
<colAssociation fkAssociation="8281EF42-C9B4-3D84-DCF0-F7A80A9614C5" referredColumn="9BC36EC8-2432-6BE5-A455-312468A7A32C"/>
</associations>
</Column>
</columns>
<indexes itemClass="oracle.dbtools.crest.model.design.relational.Index">
<ind_PK_UK id="686BEAA9-23D2-857B-A462-A8BD830D295D" name="Transaccion_PK">
<createdBy>Matias</createdBy>
<createdTime>2024-09-23 23:45:07 UTC</createdTime>
<generatorID>97C3B51A-0135-9BC3-B004-6AB7560A913C</generatorID>
<ownerDesignName>Base_Datos</ownerDesignName>
<pk>true</pk>
<indexState>Primary Constraint</indexState>
<isSurrogateKey>false</isSurrogateKey>
<indexColumnUsage>
<colUsage columnID="E5746C40-41AF-FE8F-1223-7BA43608F3A8"/>
<colUsage columnID="0F3447F9-8F69-BB95-B29E-DA8922BFFFA7"/>
<colUsage columnID="27B61AB3-4B26-C558-F657-18C418D1DA49"/>
</indexColumnUsage>
</ind_PK_UK>
<ind_PK_UK id="1E3369DB-A0D1-A063-722D-8461598599E8" name="Transaccion__IDX">
<createdBy>Matias</createdBy>
<createdTime>2024-09-23 23:45:07 UTC</createdTime>
<ownerDesignName>Base_Datos</ownerDesignName>
<indexState>Unique Plain Index</indexState>
<isSurrogateKey>false</isSurrogateKey>
<relationGeneratorID>A3F9BBA8-9F8F-C825-4346-5E83790379E1</relationGeneratorID>
</ind_PK_UK>
<ind_PK_UK id="B9D6D9EB-63B8-8D96-61F3-E0B89493CDF9" name="Transaccion_Metodo_pago_FK">
<createdBy>Matias</createdBy>
<createdTime>2024-09-23 23:45:07 UTC</createdTime>
<generatorID>F60C53F5-6C1D-6ABB-A0BE-72B8982084DF</generatorID>
<ownerDesignName>Base_Datos</ownerDesignName>
<indexState>Foreign Key</indexState>
<isSurrogateKey>false</isSurrogateKey>
<indexColumnUsage>
<colUsage columnID="F22D8051-B042-8F54-7DDC-0B12658A86E7"/>
</indexColumnUsage>
</ind_PK_UK>
<ind_PK_UK id="12E4065E-6956-C76C-87B7-0E17C7BE7EB0" name="Transaccion_Venta_FKv2">
<createdBy>Matias</createdBy>
<createdTime>2024-09-24 21:52:36 UTC</createdTime>
<generatorID>247E532C-8EFA-FD60-82DE-55AC690CE03F</generatorID>
<ownerDesignName>Base_Datos</ownerDesignName>
<indexState>Foreign Key</indexState>
<isSurrogateKey>false</isSurrogateKey>
<indexColumnUsage>
<colUsage columnID="0F3447F9-8F69-BB95-B29E-DA8922BFFFA7"/>
<colUsage columnID="27B61AB3-4B26-C558-F657-18C418D1DA49"/>
</indexColumnUsage>
</ind_PK_UK>
</indexes>
</Table>