<?xml version = '1.0' encoding = 'UTF-8'?>
<Table class="oracle.dbtools.crest.model.design.relational.Table" directorySegmentName="seg_0" id="EC4FEA75-1419-C0CD-2C32-706333E6D23B" name="ChatBot">
<createdBy>Matias</createdBy>
<createdTime>2024-09-23 23:45:07 UTC</createdTime>
<generatorID>74078DBD-4275-F7CC-210E-CD5BF8868E2E</generatorID>
<ownerDesignName>Base_Datos</ownerDesignName>
<allowColumnReorder>false</allowColumnReorder>
<existDependencyGenerateInDDl>true</existDependencyGenerateInDDl>
<parsed>true</parsed>
<columns itemClass="oracle.dbtools.crest.model.design.relational.Column">
<Column name="id_chatbot" id="7E833B86-75CF-ED4F-7316-7200F679AC4C">
<createdBy>Matias</createdBy>
<createdTime>2024-09-23 23:45:07 UTC</createdTime>
<generatorID>272DE6B7-FB15-40D8-C723-6D28F38F3425</generatorID>
<ownerDesignName>Base_Datos</ownerDesignName>
<useDomainConstraints>false</useDomainConstraints>
<use>1</use>
<logicalDatatype>LOGDT011</logicalDatatype>
<ownDataTypeParameters>,,</ownDataTypeParameters>
<autoIncrementCycle>false</autoIncrementCycle>
</Column>
<Column name="preguntas_cliente" id="F4B89856-0911-61B5-CA9E-054AE5E6F6E5">
<createdBy>Matias</createdBy>
<createdTime>2024-09-23 23:45:07 UTC</createdTime>
<generatorID>2F3A02B8-EDE8-2A37-62F9-8D11B0B43320</generatorID>
<ownerDesignName>Base_Datos</ownerDesignName>
<useDomainConstraints>false</useDomainConstraints>
<use>1</use>
<logicalDatatype>LOGDT024</logicalDatatype>
<dataTypeSize>200</dataTypeSize>
<ownDataTypeParameters>200,,</ownDataTypeParameters>
<autoIncrementCycle>false</autoIncrementCycle>
</Column>
<Column name="respuestas_chatbot" id="DB54C0BB-BD55-CA67-4203-3387DD2D6BF9">
<createdBy>Matias</createdBy>
<createdTime>2024-09-23 23:45:07 UTC</createdTime>
<generatorID>321F5961-96B7-F918-2E28-4AB95851828E</generatorID>
<ownerDesignName>Base_Datos</ownerDesignName>
<useDomainConstraints>false</useDomainConstraints>
<use>1</use>
<logicalDatatype>LOGDT024</logicalDatatype>
<dataTypeSize>500</dataTypeSize>
<ownDataTypeParameters>500,,</ownDataTypeParameters>
<autoIncrementCycle>false</autoIncrementCycle>
</Column>
<Column name="fecha_intereaccion" id="A4898D3B-A2B0-4B85-A6BD-1045D31D06A1">
<createdBy>Matias</createdBy>
<createdTime>2024-09-23 23:45:07 UTC</createdTime>
<generatorID>314B3431-B522-AD42-CCF5-9669F3FC5084</generatorID>
<ownerDesignName>Base_Datos</ownerDesignName>
<useDomainConstraints>false</useDomainConstraints>
<use>1</use>
<logicalDatatype>LOGDT008</logicalDatatype>
<ownDataTypeParameters>,,</ownDataTypeParameters>
<autoIncrementCycle>false</autoIncrementCycle>
</Column>
<Column name="tipo_estado" id="4F10E849-596A-C162-FA89-0F5DAE6C8027">
<createdBy>Matias</createdBy>
<createdTime>2024-09-23 23:45:07 UTC</createdTime>
<generatorID>72D7952E-1435-1342-39E3-F9579A652D5B</generatorID>
<ownerDesignName>Base_Datos</ownerDesignName>
<useDomainConstraints>false</useDomainConstraints>
<use>1</use>
<logicalDatatype>LOGDT024</logicalDatatype>
<dataTypeSize>100 CHAR</dataTypeSize>
<ownDataTypeParameters>100 CHAR,,</ownDataTypeParameters>
<previousColumn>false</previousColumn>
<autoIncrementCycle>false</autoIncrementCycle>
</Column>
<Column name="Clientes_Rut_cliente" id="08ED9541-67F6-6477-F034-E5D7E8E82AB6">
<createdBy>Matias</createdBy>
<createdTime>2024-09-23 23:45:07 UTC</createdTime>
<generatorID>37FE71A3-8E5F-31FD-27AC-48484F79EC3E</generatorID>
<ownerDesignName>Base_Datos</ownerDesignName>
<useDomainConstraints>false</useDomainConstraints>
<use>1</use>
<logicalDatatype>LOGDT011</logicalDatatype>
<ownDataTypeParameters>,,</ownDataTypeParameters>
<previousColumn>false</previousColumn>
<autoIncrementCycle>false</autoIncrementCycle>
<associations>
<colAssociation fkAssociation="16B7AB4A-3F23-47E1-4958-B8405D8974CA" referredColumn="D1E5F386-C6AD-AA12-7B17-16AAFA4736E1"/>
</associations>
</Column>
<Column name="tipo_estado1" id="45D91CB4-7212-60FE-E000-364FC4275F51">
<createdBy>Matias</createdBy>
<createdTime>2024-09-24 21:52:35 UTC</createdTime>
<generatorID>17CABB4A-A01D-07F6-6603-C94661E75AFC</generatorID>
<ownerDesignName>Base_Datos</ownerDesignName>
<useDomainConstraints>false</useDomainConstraints>
<use>1</use>
<logicalDatatype>LOGDT024</logicalDatatype>
<dataTypeSize>100 CHAR</dataTypeSize>
<ownDataTypeParameters>100 CHAR,,</ownDataTypeParameters>
<autoIncrementCycle>false</autoIncrementCycle>
</Column>
</columns>
<indexes itemClass="oracle.dbtools.crest.model.design.relational.Index">
<ind_PK_UK id="252FFBFC-F11F-5435-950E-746B73DEAAD9" name="ChatBot_PK">
<createdBy>Matias</createdBy>
<createdTime>2024-09-23 23:45:07 UTC</createdTime>
<generatorID>7123BFAF-28B0-9547-0CC5-49A9EBAA0EF4</generatorID>
<ownerDesignName>Base_Datos</ownerDesignName>
<pk>true</pk>
<indexState>Primary Constraint</indexState>
<isSurrogateKey>false</isSurrogateKey>
<indexColumnUsage>
<colUsage columnID="7E833B86-75CF-ED4F-7316-7200F679AC4C"/>
</indexColumnUsage>
</ind_PK_UK>
<ind_PK_UK id="AE3988EE-413F-F69A-C315-6AEBD71C2C91" name="ChatBot__IDX">
<createdBy>Matias</createdBy>
<createdTime>2024-09-23 23:45:07 UTC</createdTime>
<ownerDesignName>Base_Datos</ownerDesignName>
<indexState>Unique Plain Index</indexState>
<isSurrogateKey>false</isSurrogateKey>
<relationGeneratorID>732CB4F3-BC31-B884-C850-A69B97E84BDF</relationGeneratorID>
<indexColumnUsage>
<colUsage columnID="4F10E849-596A-C162-FA89-0F5DAE6C8027"/>
</indexColumnUsage>
</ind_PK_UK>
<ind_PK_UK id="4B8FC43D-D74A-CFEC-357D-5142DC73C82F" name="ChatBot_Clientes_FK">
<createdBy>Matias</createdBy>
<createdTime>2024-09-23 23:45:07 UTC</createdTime>
<generatorID>E051F141-BA90-EE44-8007-ADD3E048AEEE</generatorID>
<ownerDesignName>Base_Datos</ownerDesignName>
<indexState>Foreign Key</indexState>
<isSurrogateKey>false</isSurrogateKey>
<indexColumnUsage>
<colUsage columnID="08ED9541-67F6-6477-F034-E5D7E8E82AB6"/>
</indexColumnUsage>
</ind_PK_UK>
</indexes>
</Table>