<?xml version = '1.0' encoding = 'UTF-8'?>
<Diagram class="oracle.dbtools.crest.swingui.relational.DPVRelational" name="Relational_1" id="32344784-C5D6-6937-0490-46D90A2036BE">
<createdBy>Matias</createdBy>
<modifiedBy>Matias</modifiedBy>
<createdTime>2024-09-16 20:54:38 UTC</createdTime>
<autoRoute>false</autoRoute>
<boxInbox>true</boxInbox>
<showLegend>false</showLegend>
<showLabels>false</showLabels>
<showRelAttributes>false</showRelAttributes>
<gridEnabled>false</gridEnabled>
<showGrid>false</showGrid>
<diagramColor>-1</diagramColor>
<display>false</display>
<notation>1</notation>
<objectViews>
<OView class="oracle.dbtools.crest.swingui.relational.TVTable" oid="03FADC9F-2AC6-1A9A-EC89-920944217DBA" otype="Table" vid="1727B665-1BA6-2C7D-503D-0E496CCD8513">
<hideElementsInCurrentOnly>false</hideElementsInCurrentOnly>
<bounds x="1482" y="32" width="228" height="72"/>
</OView>
<OView class="oracle.dbtools.crest.swingui.relational.TVTable" oid="23965E14-27AB-BAFB-55E9-8CEAED40110D" otype="Table" vid="DA49F37E-B5FB-9FB0-46D9-7069FADBC850">
<hideElementsInCurrentOnly>false</hideElementsInCurrentOnly>
<bounds x="1008" y="174" width="245" height="86"/>
</OView>
<OView class="oracle.dbtools.crest.swingui.relational.TVTable" oid="343066B3-BBDF-B192-E2A6-6235C6774282" otype="Table" vid="21BDEF0F-3BA4-99FB-F6B0-071A09D49344">
<hideElementsInCurrentOnly>false</hideElementsInCurrentOnly>
<bounds x="854" y="302" width="284" height="167"/>
</OView>
<OView class="oracle.dbtools.crest.swingui.relational.TVTable" oid="3B76D25D-9F37-F9B7-EE96-53128A534C6F" otype="Table" vid="5F458292-4D70-7C3E-2BE9-5E17DAF3B8C2">
<hideElementsInCurrentOnly>false</hideElementsInCurrentOnly>
<bounds x="317" y="564" width="292" height="194"/>
</OView>
<OView class="oracle.dbtools.crest.swingui.relational.TVTable" oid="41950B1E-2955-4FC6-2412-6838F9C7FBCA" otype="Table" vid="4821F83E-C9E9-32DD-1A7B-DB698D720B1F">
<hideElementsInCurrentOnly>false</hideElementsInCurrentOnly>
<bounds x="0" y="432" width="254" height="113"/>
</OView>
<OView class="oracle.dbtools.crest.swingui.relational.TVTable" oid="434FB767-40CD-0D18-A477-98F33F766029" otype="Table" vid="179A08DA-E204-ADD8-D0F5-ACBFBAED506B">
<hideElementsInCurrentOnly>false</hideElementsInCurrentOnly>
<bounds x="1308" y="169" width="308" height="167"/>
</OView>
<OView class="oracle.dbtools.crest.swingui.relational.TVTable" oid="4A040154-0854-623D-F13B-5279DF37A970" otype="Table" vid="E072AEF5-462A-E234-12EF-50E2C0173FCF">
<hideElementsInCurrentOnly>false</hideElementsInCurrentOnly>
<bounds x="373" y="371" width="297" height="165"/>
</OView>
<OView class="oracle.dbtools.crest.swingui.relational.TVTable" oid="4E327FFF-72BB-6AFB-943D-DEAA86B1DEED" otype="Table" vid="1740EF2D-6D18-168F-77C6-260298DE6E2D">
<hideElementsInCurrentOnly>false</hideElementsInCurrentOnly>
<bounds x="1213" y="450" width="296" height="157"/>
</OView>
<OView class="oracle.dbtools.crest.swingui.relational.TVTable" oid="88396F10-60B3-C92B-DA59-BF43B1722566" otype="Table" vid="DA5FEAEC-356A-EC72-4C83-0B808EDDEB30">
<hideElementsInCurrentOnly>false</hideElementsInCurrentOnly>
<bounds x="1220" y="13" width="202" height="107"/>
</OView>
<OView class="oracle.dbtools.crest.swingui.relational.TVTable" oid="91752ED6-AE58-891F-C92B-66DE1AD77FAC" otype="Table" vid="68F17F5A-7E20-7C56-F098-D3E37B023714">
<hideElementsInCurrentOnly>false</hideElementsInCurrentOnly>
<bounds x="494" y="85" width="366" height="86"/>
</OView>
<OView class="oracle.dbtools.crest.swingui.relational.TVTable" oid="9D74B149-2D05-D00C-AD68-63E3D8FF7556" otype="Table" vid="4B1AF4DD-1DA6-2238-91F1-2B85C6B64E87">
<hideElementsInCurrentOnly>false</hideElementsInCurrentOnly>
<bounds x="909" y="11" width="257" height="108"/>
</OView>
<OView class="oracle.dbtools.crest.swingui.relational.TVTable" oid="A1F3ACCE-1117-0F8F-EF4B-099CF872E547" otype="Table" vid="0D322F17-63F3-CF13-6504-A1670EBDE40B">
<hideElementsInCurrentOnly>false</hideElementsInCurrentOnly>
<bounds x="521" y="209" width="256" height="148"/>
</OView>
<OView class="oracle.dbtools.crest.swingui.relational.TVTable" oid="BDDFC139-5D99-D904-68E4-4BC60A76063F" otype="Table" vid="0133DAF4-DF8A-DD4B-ADD0-AF5D4A721C93">
<hideElementsInCurrentOnly>false</hideElementsInCurrentOnly>
<bounds x="746" y="495" width="266" height="153"/>
</OView>
<OView class="oracle.dbtools.crest.swingui.relational.TVTable" oid="C75D6D72-55F8-EA2E-AC16-682DAE67E0E0" otype="Table" vid="7E45C677-8496-16C3-B4B5-EBE4D629F9E3">
<hideElementsInCurrentOnly>false</hideElementsInCurrentOnly>
<bounds x="36" y="23" width="273" height="192"/>
</OView>
<OView class="oracle.dbtools.crest.swingui.relational.TVTable" oid="C92E5874-9000-CA57-E90B-722618302106" otype="Table" vid="776FDBF3-D9F8-E8FD-1EC2-62833D4F6D80">
<hideElementsInCurrentOnly>false</hideElementsInCurrentOnly>
<bounds x="1085" y="623" width="308" height="125"/>
</OView>
<OView class="oracle.dbtools.crest.swingui.relational.TVTable" oid="CA0FD00E-23D2-902F-CD04-9E35D96BD3C7" otype="Table" vid="C866E051-476B-6A8A-84B0-59C912A5FA8A">
<hideElementsInCurrentOnly>false</hideElementsInCurrentOnly>
<bounds x="1215" y="351" width="245" height="74"/>
</OView>
<OView class="oracle.dbtools.crest.swingui.relational.TVTable" oid="D0571391-A0A6-B795-63F9-F7C239F72158" otype="Table" vid="CE7E0706-E1AB-87E7-CE2B-A683576632C8">
<hideElementsInCurrentOnly>false</hideElementsInCurrentOnly>
<bounds x="1035" y="776" width="244" height="98"/>
</OView>
<OView class="oracle.dbtools.crest.swingui.relational.TVTable" oid="D8D04B50-83BC-EEA5-9156-F73703E6C0DF" otype="Table" vid="A740CD07-DDB3-4EAB-39FC-4BF0ED2B5926">
<hideElementsInCurrentOnly>false</hideElementsInCurrentOnly>
<bounds x="100" y="256" width="255" height="113"/>
</OView>
<OView class="oracle.dbtools.crest.swingui.relational.TVTable" oid="DF7A2010-6EA6-F4C3-63F3-3C79D718B5FB" otype="Table" vid="A99984F2-252E-A70A-E482-F45E5D189A5B">
<hideElementsInCurrentOnly>false</hideElementsInCurrentOnly>
<bounds x="634" y="723" width="337" height="211"/>
</OView>
<OView class="oracle.dbtools.crest.swingui.relational.TVTable" oid="EC4FEA75-1419-C0CD-2C32-706333E6D23B" otype="Table" vid="BABD1229-9358-4119-02C8-D9EC9C8BAD77">
<hideElementsInCurrentOnly>false</hideElementsInCurrentOnly>
<bounds x="50" y="579" width="245" height="183"/>
</OView>
</objectViews>
<connectors>
<Connector class="oracle.dbtools.crest.swingui.relational.TVFKRelation" oid="0D70A267-AE4A-02D2-E2DB-305182DD124A" otype="FKIndexAssociation" vid_source="4B1AF4DD-1DA6-2238-91F1-2B85C6B64E87" vid_target="7E45C677-8496-16C3-B4B5-EBE4D629F9E3">
<hideElementsInCurrentOnly>false</hideElementsInCurrentOnly>
<backgroundColor>-16777216</backgroundColor>
<lineWidth>1</lineWidth>
<points>
<point x="909" y="71"/>
<point x="309" y="71"/>
</points>
</Connector>
<Connector class="oracle.dbtools.crest.swingui.relational.TVFKRelation" oid="16B7AB4A-3F23-47E1-4958-B8405D8974CA" otype="FKIndexAssociation" vid_source="A740CD07-DDB3-4EAB-39FC-4BF0ED2B5926" vid_target="BABD1229-9358-4119-02C8-D9EC9C8BAD77">
<hideElementsInCurrentOnly>false</hideElementsInCurrentOnly>
<backgroundColor>-16777216</backgroundColor>
<lineWidth>1</lineWidth>
<points>
<point x="276" y="369"/>
<point x="276" y="432"/>
<point x="276" y="579"/>
</points>
</Connector>
<Connector class="oracle.dbtools.crest.swingui.relational.TVFKRelation" oid="18F82855-8176-F1A2-C283-2F827CCDE385" otype="FKIndexAssociation" vid_source="A740CD07-DDB3-4EAB-39FC-4BF0ED2B5926" vid_target="7E45C677-8496-16C3-B4B5-EBE4D629F9E3">
<hideElementsInCurrentOnly>false</hideElementsInCurrentOnly>
<backgroundColor>-16777216</backgroundColor>
<lineWidth>1</lineWidth>
<points>
<point x="204" y="256"/>
<point x="204" y="215"/>
</points>
</Connector>
<Connector class="oracle.dbtools.crest.swingui.relational.TVFKRelation" oid="301D30AE-D51B-1FD3-ADEA-C3C205514065" otype="FKIndexAssociation" vid_source="0D322F17-63F3-CF13-6504-A1670EBDE40B" vid_target="68F17F5A-7E20-7C56-F098-D3E37B023714">
<hideElementsInCurrentOnly>false</hideElementsInCurrentOnly>
<backgroundColor>-16777216</backgroundColor>
<lineWidth>1</lineWidth>
<points>
<point x="649" y="209"/>
<point x="649" y="171"/>
</points>
</Connector>
<Connector class="oracle.dbtools.crest.swingui.relational.TVFKRelation" oid="30333043-2596-D8EB-B779-B56B807C677F" otype="FKIndexAssociation" vid_source="A740CD07-DDB3-4EAB-39FC-4BF0ED2B5926" vid_target="4821F83E-C9E9-32DD-1A7B-DB698D720B1F">
<hideElementsInCurrentOnly>false</hideElementsInCurrentOnly>
<backgroundColor>-16777216</backgroundColor>
<lineWidth>1</lineWidth>
<points>
<point x="177" y="369"/>
<point x="177" y="432"/>
</points>
</Connector>
<Connector class="oracle.dbtools.crest.swingui.relational.TVFKRelation" oid="39900FE6-0EFD-431D-357A-704B4D21284E" otype="FKIndexAssociation" vid_source="0133DAF4-DF8A-DD4B-ADD0-AF5D4A721C93" vid_target="5F458292-4D70-7C3E-2BE9-5E17DAF3B8C2">
<hideElementsInCurrentOnly>false</hideElementsInCurrentOnly>
<backgroundColor>-16777216</backgroundColor>
<lineWidth>1</lineWidth>
<points>
<point x="746" y="591"/>
<point x="609" y="591"/>
</points>
</Connector>
<Connector class="oracle.dbtools.crest.swingui.relational.TVFKRelation" oid="3C3DFE50-E150-4837-A7F0-B82A22C80911" otype="FKIndexAssociation" vid_source="0D322F17-63F3-CF13-6504-A1670EBDE40B" vid_target="7E45C677-8496-16C3-B4B5-EBE4D629F9E3">
<hideElementsInCurrentOnly>false</hideElementsInCurrentOnly>
<backgroundColor>-16777216</backgroundColor>
<lineWidth>1</lineWidth>
<points>
<point x="521" y="212"/>
<point x="309" y="212"/>
</points>
</Connector>
<Connector class="oracle.dbtools.crest.swingui.relational.TVFKRelation" oid="49F3BC6F-9684-346D-4E2E-D0A57B2CC1E3" otype="FKIndexAssociation" vid_source="21BDEF0F-3BA4-99FB-F6B0-071A09D49344" vid_target="E072AEF5-462A-E234-12EF-50E2C0173FCF">
<hideElementsInCurrentOnly>false</hideElementsInCurrentOnly>
<backgroundColor>-16777216</backgroundColor>
<lineWidth>1</lineWidth>
<points>
<point x="854" y="442"/>
<point x="777" y="442"/>
<point x="670" y="442"/>
</points>
</Connector>
<Connector class="oracle.dbtools.crest.swingui.relational.TVFKRelation" oid="534447C2-E3AA-3C73-708E-99F8BFC74FA5" otype="FKIndexAssociation" vid_source="A740CD07-DDB3-4EAB-39FC-4BF0ED2B5926" vid_target="5F458292-4D70-7C3E-2BE9-5E17DAF3B8C2">
<hideElementsInCurrentOnly>false</hideElementsInCurrentOnly>
<backgroundColor>-16777216</backgroundColor>
<lineWidth>1</lineWidth>
<points>
<point x="330" y="369"/>
<point x="330" y="433"/>
<point x="330" y="564"/>
</points>
</Connector>
<Connector class="oracle.dbtools.crest.swingui.relational.TVFKRelation" oid="581C04CE-9C40-AA9A-5899-312CEA2BCF97" otype="FKIndexAssociation" vid_source="C866E051-476B-6A8A-84B0-59C912A5FA8A" vid_target="21BDEF0F-3BA4-99FB-F6B0-071A09D49344">
<hideElementsInCurrentOnly>false</hideElementsInCurrentOnly>
<backgroundColor>-16777216</backgroundColor>
<lineWidth>1</lineWidth>
<points>
<point x="1215" y="388"/>
<point x="1138" y="388"/>
</points>
</Connector>
<Connector class="oracle.dbtools.crest.swingui.relational.TVFKRelation" oid="5ED12AD8-BEC6-C9ED-1EE2-3E6C89134130" otype="FKIndexAssociation" vid_source="DA49F37E-B5FB-9FB0-46D9-7069FADBC850" vid_target="179A08DA-E204-ADD8-D0F5-ACBFBAED506B">
<hideElementsInCurrentOnly>false</hideElementsInCurrentOnly>
<backgroundColor>-16777216</backgroundColor>
<lineWidth>1</lineWidth>
<points>
<point x="1253" y="217"/>
<point x="1308" y="217"/>
</points>
</Connector>
<Connector class="oracle.dbtools.crest.swingui.relational.TVFKRelation" oid="66769B70-D77C-B6B6-38B1-CB9C1A10013E" otype="FKIndexAssociation" vid_source="21BDEF0F-3BA4-99FB-F6B0-071A09D49344" vid_target="776FDBF3-D9F8-E8FD-1EC2-62833D4F6D80">
<hideElementsInCurrentOnly>false</hideElementsInCurrentOnly>
<backgroundColor>-16777216</backgroundColor>
<lineWidth>1</lineWidth>
<points>
<point x="1117" y="469"/>
<point x="1117" y="500"/>
<point x="1117" y="623"/>
</points>
</Connector>
<Connector class="oracle.dbtools.crest.swingui.relational.TVFKRelation" oid="7213F600-DC11-48E6-39CE-0D7CB43BC48E" otype="FKIndexAssociation" vid_source="0D322F17-63F3-CF13-6504-A1670EBDE40B" vid_target="21BDEF0F-3BA4-99FB-F6B0-071A09D49344">
<hideElementsInCurrentOnly>false</hideElementsInCurrentOnly>
<backgroundColor>-16777216</backgroundColor>
<lineWidth>1</lineWidth>
<points>
<point x="777" y="329"/>
<point x="854" y="329"/>
</points>
</Connector>
<Connector class="oracle.dbtools.crest.swingui.relational.TVFKRelation" oid="734D28ED-D4A7-6249-EA00-112BA82ABED6" otype="FKIndexAssociation" vid_source="DA49F37E-B5FB-9FB0-46D9-7069FADBC850" vid_target="68F17F5A-7E20-7C56-F098-D3E37B023714">
<hideElementsInCurrentOnly>false</hideElementsInCurrentOnly>
<backgroundColor>-16777216</backgroundColor>
<lineWidth>1</lineWidth>
<points>
<point x="1008" y="206"/>
<point x="924" y="206"/>
<point x="924" y="153"/>
<point x="860" y="153"/>
</points>
</Connector>
<Connector class="oracle.dbtools.crest.swingui.relational.TVFKRelation" oid="75099BC1-EDD9-1F94-FAA8-A627D2CE74B1" otype="FKIndexAssociation" vid_source="CE7E0706-E1AB-87E7-CE2B-A683576632C8" vid_target="A99984F2-252E-A70A-E482-F45E5D189A5B">
<hideElementsInCurrentOnly>false</hideElementsInCurrentOnly>
<backgroundColor>-16777216</backgroundColor>
<lineWidth>1</lineWidth>
<points>
<point x="1035" y="825"/>
<point x="971" y="825"/>
</points>
</Connector>
<Connector class="oracle.dbtools.crest.swingui.relational.TVFKRelation" oid="8281EF42-C9B4-3D84-DCF0-F7A80A9614C5" otype="FKIndexAssociation" vid_source="5F458292-4D70-7C3E-2BE9-5E17DAF3B8C2" vid_target="A99984F2-252E-A70A-E482-F45E5D189A5B">
<hideElementsInCurrentOnly>false</hideElementsInCurrentOnly>
<backgroundColor>-16777216</backgroundColor>
<lineWidth>1</lineWidth>
<points>
<point x="482" y="758"/>
<point x="482" y="894"/>
<point x="634" y="894"/>
</points>
</Connector>
<Connector class="oracle.dbtools.crest.swingui.relational.TVFKRelation" oid="84A4DDA6-6B60-5487-625A-3BF9012F2C47" otype="FKIndexAssociation" vid_source="21BDEF0F-3BA4-99FB-F6B0-071A09D49344" vid_target="1740EF2D-6D18-168F-77C6-260298DE6E2D">
<hideElementsInCurrentOnly>false</hideElementsInCurrentOnly>
<backgroundColor>-16777216</backgroundColor>
<lineWidth>1</lineWidth>
<points>
<point x="1138" y="459"/>
<point x="1213" y="459"/>
</points>
</Connector>
<Connector class="oracle.dbtools.crest.swingui.relational.TVFKRelation" oid="84AB1FAC-7B5A-D3C9-901B-BB322D43E833" otype="FKIndexAssociation" vid_source="DA5FEAEC-356A-EC72-4C83-0B808EDDEB30" vid_target="4B1AF4DD-1DA6-2238-91F1-2B85C6B64E87">
<hideElementsInCurrentOnly>false</hideElementsInCurrentOnly>
<backgroundColor>-16777216</backgroundColor>
<lineWidth>1</lineWidth>
<points>
<point x="1220" y="66"/>
<point x="1166" y="66"/>
</points>
</Connector>
<Connector class="oracle.dbtools.crest.swingui.relational.TVFKRelation" oid="89B2090C-A058-03D8-B3C5-83F8B80A80A0" otype="FKIndexAssociation" vid_source="1727B665-1BA6-2C7D-503D-0E496CCD8513" vid_target="DA5FEAEC-356A-EC72-4C83-0B808EDDEB30">
<hideElementsInCurrentOnly>false</hideElementsInCurrentOnly>
<backgroundColor>-16777216</backgroundColor>
<lineWidth>1</lineWidth>
<points>
<point x="1482" y="68"/>
<point x="1422" y="68"/>
</points>
</Connector>
<Connector class="oracle.dbtools.crest.swingui.relational.TVFKRelation" oid="99E620DE-334C-C8E0-2FA8-1939B718941C" otype="FKIndexAssociation" vid_source="0133DAF4-DF8A-DD4B-ADD0-AF5D4A721C93" vid_target="776FDBF3-D9F8-E8FD-1EC2-62833D4F6D80">
<hideElementsInCurrentOnly>false</hideElementsInCurrentOnly>
<backgroundColor>-16777216</backgroundColor>
<lineWidth>1</lineWidth>
<points>
<point x="957" y="648"/>
<point x="957" y="687"/>
<point x="1085" y="687"/>
</points>
</Connector>
<Connector class="oracle.dbtools.crest.swingui.relational.TVFKRelation" oid="A8FF634C-DD72-AABB-79D0-7403192686DD" otype="FKIndexAssociation" vid_source="0D322F17-63F3-CF13-6504-A1670EBDE40B" vid_target="E072AEF5-462A-E234-12EF-50E2C0173FCF">
<hideElementsInCurrentOnly>false</hideElementsInCurrentOnly>
<backgroundColor>-16777216</backgroundColor>
<lineWidth>1</lineWidth>
<points>
<point x="774" y="357"/>
<point x="774" y="418"/>
<point x="670" y="418"/>
</points>
</Connector>
<Connector class="oracle.dbtools.crest.swingui.relational.TVFKRelation" oid="CED11B7B-F9DE-79F6-B9D1-29CC02FFB497" otype="FKIndexAssociation" vid_source="A740CD07-DDB3-4EAB-39FC-4BF0ED2B5926" vid_target="0133DAF4-DF8A-DD4B-ADD0-AF5D4A721C93">
<hideElementsInCurrentOnly>false</hideElementsInCurrentOnly>
<backgroundColor>-16777216</backgroundColor>
<lineWidth>1</lineWidth>
<points>
<point x="346" y="369"/>
<point x="346" y="547"/>
<point x="746" y="547"/>
</points>
</Connector>
<Connector class="oracle.dbtools.crest.swingui.relational.TVFKRelation" oid="DBBD6919-0A2B-0810-033D-F09702CC5EAB" otype="FKIndexAssociation" vid_source="0D322F17-63F3-CF13-6504-A1670EBDE40B" vid_target="179A08DA-E204-ADD8-D0F5-ACBFBAED506B">
<hideElementsInCurrentOnly>false</hideElementsInCurrentOnly>
<backgroundColor>-16777216</backgroundColor>
<lineWidth>1</lineWidth>
<points>
<point x="777" y="287"/>
<point x="968" y="287"/>
<point x="1308" y="287"/>
</points>
</Connector>
<Connector class="oracle.dbtools.crest.swingui.relational.TVFKRelation" oid="E201D526-D4DE-396E-0102-4CEB719B07B7" otype="FKIndexAssociation" vid_source="A740CD07-DDB3-4EAB-39FC-4BF0ED2B5926" vid_target="E072AEF5-462A-E234-12EF-50E2C0173FCF">
<hideElementsInCurrentOnly>false</hideElementsInCurrentOnly>
<backgroundColor>-16777216</backgroundColor>
<lineWidth>1</lineWidth>
<points>
<point x="355" y="302"/>
<point x="463" y="302"/>
<point x="463" y="371"/>
</points>
</Connector>
</connectors>
</Diagram>