<?xml version = '1.0' encoding = 'UTF-8'?>
<Relation class="oracle.dbtools.crest.model.design.logical.Relation" name="usuario_direccion" directorySegmentName="seg_0" id="3780857C-B3DC-5C0D-249C-85CC95FC8557">
<createdBy>Matias</createdBy>
<createdTime>2024-09-23 21:59:50 UTC</createdTime>
<ownerDesignName>Base_Datos</ownerDesignName>
<engineerTo>
<item key="5E20E1C7-6E8A-325D-F17C-95BAC867B73B" value="true"/>
</engineerTo>
<sourcePk>9B9F7E89-5D71-790E-F8B8-B908EF711993</sourcePk>
<identifying>false</identifying>
<optionalSource>true</optionalSource>
<optionalTarget>false</optionalTarget>
<sourceCardinality>1</sourceCardinality>
<sourceEntity>33DA8A5A-9A4D-435D-747A-D0278C9F527D</sourceEntity>
<targetCardinalityString>*</targetCardinalityString>
<targetEntity>74EACE5B-CAB5-0163-DDD7-8D343BA2E72E</targetEntity>
<transferable>true</transferable>
<deleteRule>NO ACTION</deleteRule>
</Relation>