<?xml version = '1.0' encoding = 'UTF-8'?>
<Relation class="oracle.dbtools.crest.model.design.logical.Relation" name="cliente_Calificaciion" directorySegmentName="seg_0" id="D5C71727-ABBB-C31A-CCC0-25845B8C4654">
<createdBy>Matias</createdBy>
<createdTime>2024-09-23 23:10:50 UTC</createdTime>
<ownerDesignName>Base_Datos</ownerDesignName>
<engineerTo>
<item key="5E20E1C7-6E8A-325D-F17C-95BAC867B73B" value="true"/>
</engineerTo>
<sourcePk>63353B7C-6309-DA9D-206B-EBEC51F747CA</sourcePk>
<identifying>false</identifying>
<optionalSource>false</optionalSource>
<optionalTarget>false</optionalTarget>
<sourceCardinality>1</sourceCardinality>
<sourceEntity>A0719688-9881-C2BF-2AC4-4B704B42F4B3</sourceEntity>
<targetCardinalityString>*</targetCardinalityString>
<targetEntity>044BE24C-6F1B-A169-77A9-8DE153D30047</targetEntity>
<transferable>true</transferable>
<deleteRule>NO ACTION</deleteRule>
</Relation>