<?xml version = '1.0' encoding = 'UTF-8'?>
<Relation class="oracle.dbtools.crest.model.design.logical.Relation" name="detalle_producto" directorySegmentName="seg_0" id="04517914-F3B9-8FF7-6DCD-2E1A01FCACB3">
<createdBy>Matias</createdBy>
<createdTime>2024-09-23 22:08:07 UTC</createdTime>
<ownerDesignName>Base_Datos</ownerDesignName>
<engineerTo>
<item key="5E20E1C7-6E8A-325D-F17C-95BAC867B73B" value="true"/>
</engineerTo>
<sourcePk>CF8D84ED-45AF-9424-F0C4-D24A0D35EEBE</sourcePk>
<targetPk>1A720ECB-2B75-FD5A-161C-10FD179246A4</targetPk>
<identifying>true</identifying>
<optionalSource>false</optionalSource>
<optionalTarget>false</optionalTarget>
<sourceCardinality>1</sourceCardinality>
<sourceEntity>F3902E0F-F308-7023-EDBB-2B7133D1BA9F</sourceEntity>
<targetCardinalityString>*</targetCardinalityString>
<targetEntity>660682AE-8C14-E092-E156-75056D88D524</targetEntity>
<transferable>true</transferable>
<deleteRule>NO ACTION</deleteRule>
</Relation>