<?xml version = '1.0' encoding = 'UTF-8'?>
<Relation class="oracle.dbtools.crest.model.design.logical.Relation" name="administrador" directorySegmentName="seg_0" id="3D22E038-3EFB-4ED4-00BA-77E36A753801">
<createdBy>Matias</createdBy>
<createdTime>2024-09-23 22:59:29 UTC</createdTime>
<ownerDesignName>Base_Datos</ownerDesignName>
<engineerTo>
<item key="5E20E1C7-6E8A-325D-F17C-95BAC867B73B" value="true"/>
</engineerTo>
<sourcePk>6648C6DB-0B7E-20C3-A912-0FECD4CB9B97</sourcePk>
<identifying>false</identifying>
<optionalSource>false</optionalSource>
<optionalTarget>false</optionalTarget>
<sourceCardinality>1</sourceCardinality>
<sourceEntity>F9361220-1043-56BB-701C-493C3200DC4A</sourceEntity>
<targetCardinalityString>*</targetCardinalityString>
<targetEntity>8619912D-A483-FF7E-3A26-27C4F73F3085</targetEntity>
<transferable>true</transferable>
<deleteRule>NO ACTION</deleteRule>
</Relation>