<?xml version = '1.0' encoding = 'UTF-8'?>
<Relation class="oracle.dbtools.crest.model.design.logical.Relation" name="Relation_34" directorySegmentName="seg_0" id="4FB88865-CB7F-6BFA-EFAB-0DC424C482BD">
<createdBy>Matias</createdBy>
<createdTime>2024-09-23 23:09:33 UTC</createdTime>
<ownerDesignName>Base_Datos</ownerDesignName>
<engineerTo>
<item key="5E20E1C7-6E8A-325D-F17C-95BAC867B73B" value="true"/>
</engineerTo>
<sourcePk>63353B7C-6309-DA9D-206B-EBEC51F747CA</sourcePk>
<identifying>false</identifying>
<optionalSource>false</optionalSource>
<optionalTarget>false</optionalTarget>
<sourceCardinality>1</sourceCardinality>
<sourceEntity>A0719688-9881-C2BF-2AC4-4B704B42F4B3</sourceEntity>
<targetCardinalityString>*</targetCardinalityString>
<targetEntity>0993AFF5-4A6F-3252-BFF1-1F5E8EBC67FB</targetEntity>
<transferable>true</transferable>
<deleteRule>NO ACTION</deleteRule>
</Relation>