<?xml version = '1.0' encoding = 'UTF-8'?>
<Relation class="oracle.dbtools.crest.model.design.logical.Relation" name="comuna_direccion" directorySegmentName="seg_0" id="658A56D6-38BC-1476-E727-5FC64D5E6E68">
<createdBy>Matias</createdBy>
<createdTime>2024-09-23 21:57:44 UTC</createdTime>
<ownerDesignName>Base_Datos</ownerDesignName>
<engineerTo>
<item key="5E20E1C7-6E8A-325D-F17C-95BAC867B73B" value="true"/>
</engineerTo>
<sourcePk>AD3C7B2C-2A84-F649-3C85-6C2A2324756F</sourcePk>
<identifying>false</identifying>
<optionalSource>false</optionalSource>
<optionalTarget>false</optionalTarget>
<sourceCardinality>1</sourceCardinality>
<sourceEntity>D3A717B1-3EC1-23D4-FF22-DC9C9F54E880</sourceEntity>
<targetCardinalityString>*</targetCardinalityString>
<targetEntity>74EACE5B-CAB5-0163-DDD7-8D343BA2E72E</targetEntity>
<transferable>true</transferable>
<deleteRule>NO ACTION</deleteRule>
</Relation>