<?xml version = '1.0' encoding = 'UTF-8'?>
<Relation class="oracle.dbtools.crest.model.design.logical.Relation" name="categoria_producto" directorySegmentName="seg_0" id="87467850-485B-ED78-C23C-17942BCDFC04">
<createdBy>Matias</createdBy>
<createdTime>2024-09-23 22:08:59 UTC</createdTime>
<ownerDesignName>Base_Datos</ownerDesignName>
<engineerTo>
<item key="5E20E1C7-6E8A-325D-F17C-95BAC867B73B" value="true"/>
</engineerTo>
<sourcePk>AFC21B5A-4792-D567-2514-E0F1746D1544</sourcePk>
<identifying>false</identifying>
<optionalSource>false</optionalSource>
<optionalTarget>false</optionalTarget>
<sourceCardinality>1</sourceCardinality>
<sourceEntity>C29482F1-EC5F-89DD-737A-384536788CC2</sourceEntity>
<targetCardinalityString>*</targetCardinalityString>
<targetEntity>F3902E0F-F308-7023-EDBB-2B7133D1BA9F</targetEntity>
<transferable>true</transferable>
<deleteRule>NO ACTION</deleteRule>
</Relation>