<?xml version = '1.0' encoding = 'UTF-8'?>
<Relation class="oracle.dbtools.crest.model.design.logical.Relation" name="usuario_producto" directorySegmentName="seg_0" id="CB194FC2-B741-2FCC-1FE1-216773A9BE68">
<createdBy>Matias</createdBy>
<createdTime>2024-09-23 22:09:18 UTC</createdTime>
<ownerDesignName>Base_Datos</ownerDesignName>
<engineerTo>
<item key="5E20E1C7-6E8A-325D-F17C-95BAC867B73B" value="true"/>
</engineerTo>
<sourcePk>9B9F7E89-5D71-790E-F8B8-B908EF711993</sourcePk>
<identifying>false</identifying>
<optionalSource>false</optionalSource>
<optionalTarget>false</optionalTarget>
<sourceCardinality>1</sourceCardinality>
<sourceEntity>33DA8A5A-9A4D-435D-747A-D0278C9F527D</sourceEntity>
<targetCardinalityString>*</targetCardinalityString>
<targetEntity>F3902E0F-F308-7023-EDBB-2B7133D1BA9F</targetEntity>
<transferable>true</transferable>
<deleteRule>NO ACTION</deleteRule>
</Relation>