<?xml version = '1.0' encoding = 'UTF-8'?>
<Relation class="oracle.dbtools.crest.model.design.logical.Relation" name="cliente_chatbot" directorySegmentName="seg_0" id="E051F141-BA90-EE44-8007-ADD3E048AEEE">
<createdBy>Matias</createdBy>
<createdTime>2024-09-23 23:09:49 UTC</createdTime>
<ownerDesignName>Base_Datos</ownerDesignName>
<engineerTo>
<item key="5E20E1C7-6E8A-325D-F17C-95BAC867B73B" value="true"/>
</engineerTo>
<sourcePk>63353B7C-6309-DA9D-206B-EBEC51F747CA</sourcePk>
<identifying>false</identifying>
<optionalSource>false</optionalSource>
<optionalTarget>false</optionalTarget>
<sourceCardinality>1</sourceCardinality>
<sourceEntity>A0719688-9881-C2BF-2AC4-4B704B42F4B3</sourceEntity>
<targetCardinalityString>*</targetCardinalityString>
<targetEntity>74078DBD-4275-F7CC-210E-CD5BF8868E2E</targetEntity>
<transferable>true</transferable>
<deleteRule>NO ACTION</deleteRule>
</Relation>