<?xml version = '1.0' encoding = 'UTF-8'?>
<Relation class="oracle.dbtools.crest.model.design.logical.Relation" name="producto_calificacion" directorySegmentName="seg_0" id="E281143B-0153-480E-28D4-251A35FD64A5">
<createdBy>Matias</createdBy>
<createdTime>2024-09-23 22:27:25 UTC</createdTime>
<ownerDesignName>Base_Datos</ownerDesignName>
<engineerTo>
<item key="5E20E1C7-6E8A-325D-F17C-95BAC867B73B" value="true"/>
</engineerTo>
<sourcePk>CF8D84ED-45AF-9424-F0C4-D24A0D35EEBE</sourcePk>
<identifying>false</identifying>
<optionalSource>false</optionalSource>
<optionalTarget>false</optionalTarget>
<sourceCardinality>1</sourceCardinality>
<sourceEntity>F3902E0F-F308-7023-EDBB-2B7133D1BA9F</sourceEntity>
<targetCardinalityString>*</targetCardinalityString>
<targetEntity>044BE24C-6F1B-A169-77A9-8DE153D30047</targetEntity>
<transferable>true</transferable>
<deleteRule>NO ACTION</deleteRule>
</Relation>