<?xml version = '1.0' encoding = 'UTF-8'?>
<FKIndexAssociation class="oracle.dbtools.crest.model.design.relational.FKIndexAssociation" directorySegmentName="seg_0" id="89A49BC9-D506-32A9-BA8F-DF7D24D5833E" containerWithKeyObject="9A033F43-4F3B-530F-1F09-985C125B0D3A" localFKIndex="62168B57-9449-1D5D-77B4-A975A537B93F" name="Calificacion_Cliente_FK">
<createdBy>Matias</createdBy>
<createdTime>2024-09-24 23:21:43 UTC</createdTime>
<generatorID>D5C71727-ABBB-C31A-CCC0-25845B8C4654</generatorID>
<ownerDesignName>Base_Datos</ownerDesignName>
<referredTableLongName>Cliente</referredTableLongName>
<deleteRule>NO ACTION</deleteRule>
<referredTableID>8815785A-40A1-52A3-767A-5DAC02A31BD9</referredTableID>
<keyObject>FD8B9BB6-9EF4-79C2-084E-34132620A668</keyObject>
<referredKeyID>FD8B9BB6-9EF4-79C2-084E-34132620A668</referredKeyID>
<mandatory>true</mandatory>
<refColNames>Rut_cliente</refColNames>
<transferable>true</transferable>
<rely>false</rely>
<columnDependencyConstraintGenerateInDDL>true</columnDependencyConstraintGenerateInDDL>
</FKIndexAssociation>