<?xml version = '1.0' encoding = 'UTF-8'?>
<FKIndexAssociation class="oracle.dbtools.crest.model.design.relational.FKIndexAssociation" directorySegmentName="seg_0" id="A94EA6F2-E3A5-0384-A1E0-F5CE36E99D07" containerWithKeyObject="DDB87FED-5394-B333-50A9-292B15B2CEC3" localFKIndex="8866E8B7-0D8F-F31F-C81E-16401F743FC5" name="Producto_venta_Carrito_FK">
<createdBy>Matias</createdBy>
<createdTime>2024-09-24 23:21:43 UTC</createdTime>
<generatorID>BD1AC78F-A39F-89DB-8068-680ACD236CCC</generatorID>
<ownerDesignName>Base_Datos</ownerDesignName>
<referredTableLongName>Carrito</referredTableLongName>
<deleteRule>NO ACTION</deleteRule>
<referredTableID>BC6B64FF-8832-13A9-F0BB-92E98E74BE79</referredTableID>
<keyObject>D4F1294B-3931-79F2-5EBE-349D94D79EF5</keyObject>
<referredKeyID>D4F1294B-3931-79F2-5EBE-349D94D79EF5</referredKeyID>
<mandatory>true</mandatory>
<refColNames>id_carrito</refColNames>
<transferable>true</transferable>
<rely>false</rely>
<columnDependencyConstraintGenerateInDDL>true</columnDependencyConstraintGenerateInDDL>
</FKIndexAssociation>