<?xml version = '1.0' encoding = 'UTF-8'?>
<FKIndexAssociation class="oracle.dbtools.crest.model.design.relational.FKIndexAssociation" directorySegmentName="seg_0" id="B160DA18-2811-05D1-2AE6-AF61EF222AEF" containerWithKeyObject="873248FF-0990-F2B8-046C-348FAD7468A0" localFKIndex="8CB3C10F-51AB-9690-49B5-9CEB24477D06" name="ChatBot_Cliente_FK">
<createdBy>Matias</createdBy>
<createdTime>2024-09-24 23:21:43 UTC</createdTime>
<generatorID>E051F141-BA90-EE44-8007-ADD3E048AEEE</generatorID>
<ownerDesignName>Base_Datos</ownerDesignName>
<referredTableLongName>Cliente</referredTableLongName>
<deleteRule>NO ACTION</deleteRule>
<referredTableID>8815785A-40A1-52A3-767A-5DAC02A31BD9</referredTableID>
<keyObject>FD8B9BB6-9EF4-79C2-084E-34132620A668</keyObject>
<referredKeyID>FD8B9BB6-9EF4-79C2-084E-34132620A668</referredKeyID>
<mandatory>true</mandatory>
<refColNames>Rut_cliente</refColNames>
<transferable>true</transferable>
<rely>false</rely>
<columnDependencyConstraintGenerateInDDL>true</columnDependencyConstraintGenerateInDDL>
</FKIndexAssociation>