<?xml version = '1.0' encoding = 'UTF-8'?>
<FKIndexAssociation class="oracle.dbtools.crest.model.design.relational.FKIndexAssociation" directorySegmentName="seg_0" id="D2515115-9AA1-72AE-791C-A69E93450966" containerWithKeyObject="64D55341-B3DD-AC69-3851-E721EC4E5F75" localFKIndex="38DD7D2C-6204-ACC0-E68D-E96DF6B40377" name="Direccion_Comuna_FK">
<createdBy>Matias</createdBy>
<createdTime>2024-09-24 23:21:43 UTC</createdTime>
<generatorID>658A56D6-38BC-1476-E727-5FC64D5E6E68</generatorID>
<ownerDesignName>Base_Datos</ownerDesignName>
<referredTableLongName>Comuna</referredTableLongName>
<deleteRule>NO ACTION</deleteRule>
<referredTableID>93C8F441-00BD-FDCE-47FE-3254E40CE511</referredTableID>
<keyObject>6CEF458E-AA2B-E1A3-D7D6-D4CBD6B29438</keyObject>
<referredKeyID>6CEF458E-AA2B-E1A3-D7D6-D4CBD6B29438</referredKeyID>
<mandatory>true</mandatory>
<refColNames>id_comuna</refColNames>
<transferable>true</transferable>
<rely>false</rely>
<columnDependencyConstraintGenerateInDDL>true</columnDependencyConstraintGenerateInDDL>
</FKIndexAssociation>