<?xml version = '1.0' encoding = 'UTF-8'?>
<FKIndexAssociation class="oracle.dbtools.crest.model.design.relational.FKIndexAssociation" directorySegmentName="seg_0" id="DE3FBD20-60EE-067B-E246-44978A755A72" containerWithKeyObject="C3E1D766-A6EA-98A3-57BC-1AC3E4A4E1E1" localFKIndex="0080E46C-5F19-1F5B-4B35-4C4473601C00" name="Transaccion_Metodo_pago_FK">
<createdBy>Matias</createdBy>
<createdTime>2024-09-24 23:21:43 UTC</createdTime>
<generatorID>F60C53F5-6C1D-6ABB-A0BE-72B8982084DF</generatorID>
<ownerDesignName>Base_Datos</ownerDesignName>
<referredTableLongName>Metodo_pago</referredTableLongName>
<deleteRule>NO ACTION</deleteRule>
<referredTableID>FE49F4F9-C8DA-EAD9-B782-4E703C991F3A</referredTableID>
<keyObject>A4D6481F-339D-3753-A1E7-9EAA33A406AF</keyObject>
<referredKeyID>A4D6481F-339D-3753-A1E7-9EAA33A406AF</referredKeyID>
<mandatory>true</mandatory>
<refColNames>id_metodo_pago</refColNames>
<transferable>true</transferable>
<rely>false</rely>
<columnDependencyConstraintGenerateInDDL>true</columnDependencyConstraintGenerateInDDL>
</FKIndexAssociation>