<?xml version = '1.0' encoding = 'UTF-8'?>
<FKIndexAssociation class="oracle.dbtools.crest.model.design.relational.FKIndexAssociation" directorySegmentName="seg_0" id="F0608397-87E9-0671-54D1-23CEB338CC88" containerWithKeyObject="C3E1D766-A6EA-98A3-57BC-1AC3E4A4E1E1" localFKIndex="BB7E0235-3181-3DF7-5439-91339FBFA56F" name="Transaccion_Venta_FK">
<createdBy>Matias</createdBy>
<createdTime>2024-09-24 23:21:43 UTC</createdTime>
<generatorID>07A2CB1E-2E9E-E606-D4FD-F1593BD19BD8</generatorID>
<ownerDesignName>Base_Datos</ownerDesignName>
<referredTableLongName>Venta</referredTableLongName>
<deleteRule>NO ACTION</deleteRule>
<referredTableID>1878A143-B648-B415-33AC-8B1A7A6040EF</referredTableID>
<keyObject>2719C5BE-6A8D-2520-7787-FE394DFD1DDF</keyObject>
<referredKeyID>2719C5BE-6A8D-2520-7787-FE394DFD1DDF</referredKeyID>
<mandatory>true</mandatory>
<refColNames>id_venta</refColNames>
<transferable>true</transferable>
<rely>false</rely>
<columnDependencyConstraintGenerateInDDL>true</columnDependencyConstraintGenerateInDDL>
</FKIndexAssociation>