<?xml version = '1.0' encoding = 'UTF-8'?>
<FKIndexAssociation class="oracle.dbtools.crest.model.design.relational.FKIndexAssociation" directorySegmentName="seg_0" id="F7835744-7DCA-6AD5-6D87-05F9CD07DC61" containerWithKeyObject="9A033F43-4F3B-530F-1F09-985C125B0D3A" localFKIndex="AADBE508-76EE-DF2C-D211-CFE280C32972" name="Calificacion_Producto_FK">
<createdBy>Matias</createdBy>
<createdTime>2024-09-24 23:21:43 UTC</createdTime>
<generatorID>E281143B-0153-480E-28D4-251A35FD64A5</generatorID>
<ownerDesignName>Base_Datos</ownerDesignName>
<referredTableLongName>Producto</referredTableLongName>
<deleteRule>NO ACTION</deleteRule>
<referredTableID>5163FD5B-1BAA-DA14-3444-7A48310ADA56</referredTableID>
<keyObject>42FD5527-0449-87B8-7B9B-C494285F1317</keyObject>
<referredKeyID>42FD5527-0449-87B8-7B9B-C494285F1317</referredKeyID>
<mandatory>true</mandatory>
<refColNames>Codigo_Producto</refColNames>
<transferable>true</transferable>
<rely>false</rely>
<columnDependencyConstraintGenerateInDDL>true</columnDependencyConstraintGenerateInDDL>
</FKIndexAssociation>