<?xml version = '1.0' encoding = 'UTF-8'?>
<Diagram class="oracle.dbtools.crest.swingui.relational.DPVRelational" name="Relational_1" id="32344784-C5D6-6937-0490-46D90A2036BE">
<createdBy>Matias</createdBy>
<modifiedBy>Matias</modifiedBy>
<createdTime>2024-09-16 20:54:38 UTC</createdTime>
<autoRoute>false</autoRoute>
<boxInbox>true</boxInbox>
<showLegend>false</showLegend>
<showLabels>false</showLabels>
<showRelAttributes>false</showRelAttributes>
<gridEnabled>false</gridEnabled>
<showGrid>false</showGrid>
<diagramColor>-1</diagramColor>
<display>false</display>
<notation>1</notation>
<objectViews>
<OView class="oracle.dbtools.crest.swingui.relational.TVTable" oid="0C93515B-4818-D5C0-ECC0-C47505499B18" otype="Table" vid="C2AF044A-6EEC-5F31-9A86-4E240C72504F">
<hideElementsInCurrentOnly>false</hideElementsInCurrentOnly>
<bounds x="1380" y="26" width="239" height="68"/>
</OView>
<OView class="oracle.dbtools.crest.swingui.relational.TVTable" oid="1878A143-B648-B415-33AC-8B1A7A6040EF" otype="Table" vid="83443EF8-7136-0F6D-B045-243DC9EDB55F">
<hideElementsInCurrentOnly>false</hideElementsInCurrentOnly>
<bounds x="78" y="450" width="240" height="169"/>
</OView>
<OView class="oracle.dbtools.crest.swingui.relational.TVTable" oid="24B84754-AE06-E4D9-9CF2-2901041D2A79" otype="Table" vid="419173AC-720D-0579-0FA3-E950B5C57377">
<hideElementsInCurrentOnly>false</hideElementsInCurrentOnly>
<bounds x="1348" y="479" width="261" height="79"/>
</OView>
<OView class="oracle.dbtools.crest.swingui.relational.TVTable" oid="28BA80A1-5687-FEAD-C710-3FA26A5805DE" otype="Table" vid="3F07E2AB-07ED-2E7E-9910-950EBE29FFCF">
<hideElementsInCurrentOnly>false</hideElementsInCurrentOnly>
<bounds x="1132" y="232" width="309" height="159"/>
</OView>
<OView class="oracle.dbtools.crest.swingui.relational.TVTable" oid="39833169-F798-0462-753C-FE52B21C47B0" otype="Table" vid="521B6FE6-FD08-A499-3F31-37AEA32D9652">
<hideElementsInCurrentOnly>false</hideElementsInCurrentOnly>
<bounds x="949" y="131" width="366" height="87"/>
</OView>
<OView class="oracle.dbtools.crest.swingui.relational.TVTable" oid="5163FD5B-1BAA-DA14-3444-7A48310ADA56" otype="Table" vid="9A06A7B7-E1F9-BAAC-8BA2-08280058C02E">
<hideElementsInCurrentOnly>false</hideElementsInCurrentOnly>
<bounds x="1020" y="420" width="274" height="159"/>
</OView>
<OView class="oracle.dbtools.crest.swingui.relational.TVTable" oid="64D55341-B3DD-AC69-3851-E721EC4E5F75" otype="Table" vid="20C6BED4-B44A-87EF-8DA8-3059688C261D">
<hideElementsInCurrentOnly>false</hideElementsInCurrentOnly>
<bounds x="343" y="37" width="253" height="185"/>
</OView>
<OView class="oracle.dbtools.crest.swingui.relational.TVTable" oid="67DBF785-09EE-FC1D-9622-81208463C8F3" otype="Table" vid="219E2FD9-9477-43D4-6109-8E0ECAABB5F3">
<hideElementsInCurrentOnly>false</hideElementsInCurrentOnly>
<bounds x="680" y="206" width="252" height="138"/>
</OView>
<OView class="oracle.dbtools.crest.swingui.relational.TVTable" oid="873248FF-0990-F2B8-046C-348FAD7468A0" otype="Table" vid="0AF37FBE-A3F0-8BBA-C4FF-0470FD7EB8CE">
<hideElementsInCurrentOnly>false</hideElementsInCurrentOnly>
<bounds x="28" y="61" width="254" height="141"/>
</OView>
<OView class="oracle.dbtools.crest.swingui.relational.TVTable" oid="8815785A-40A1-52A3-767A-5DAC02A31BD9" otype="Table" vid="4D422913-610C-70F3-A55F-613927371F80">
<hideElementsInCurrentOnly>false</hideElementsInCurrentOnly>
<bounds x="327" y="284" width="256" height="108"/>
</OView>
<OView class="oracle.dbtools.crest.swingui.relational.TVTable" oid="93C8F441-00BD-FDCE-47FE-3254E40CE511" otype="Table" vid="8C3ED084-1F03-DAF7-FFD2-D16657C83610">
<hideElementsInCurrentOnly>false</hideElementsInCurrentOnly>
<bounds x="735" y="18" width="263" height="100"/>
</OView>
<OView class="oracle.dbtools.crest.swingui.relational.TVTable" oid="9A033F43-4F3B-530F-1F09-985C125B0D3A" otype="Table" vid="70F10ED8-EABC-C13D-88E9-B66746B65272">
<hideElementsInCurrentOnly>false</hideElementsInCurrentOnly>
<bounds x="655" y="395" width="289" height="154"/>
</OView>
<OView class="oracle.dbtools.crest.swingui.relational.TVTable" oid="9E92774A-E202-2FEC-231E-A5E84DC79EC7" otype="Table" vid="2EF54C0E-EF04-6C56-8E85-1213821173A5">
<hideElementsInCurrentOnly>false</hideElementsInCurrentOnly>
<bounds x="1394" y="130" width="255" height="81"/>
</OView>
<OView class="oracle.dbtools.crest.swingui.relational.TVTable" oid="BC6B64FF-8832-13A9-F0BB-92E98E74BE79" otype="Table" vid="E8A63011-548D-6689-43D8-0E2112234EBE">
<hideElementsInCurrentOnly>false</hideElementsInCurrentOnly>
<bounds x="404" y="475" width="224" height="143"/>
</OView>
<OView class="oracle.dbtools.crest.swingui.relational.TVTable" oid="C3E1D766-A6EA-98A3-57BC-1AC3E4A4E1E1" otype="Table" vid="C3C74FAF-C16F-F8DC-23E6-AE32379C7492">
<hideElementsInCurrentOnly>false</hideElementsInCurrentOnly>
<bounds x="74" y="686" width="355" height="181"/>
</OView>
<OView class="oracle.dbtools.crest.swingui.relational.TVTable" oid="DDB87FED-5394-B333-50A9-292B15B2CEC3" otype="Table" vid="E49BEAF7-FC05-E3AC-3464-60E54FF57935">
<hideElementsInCurrentOnly>false</hideElementsInCurrentOnly>
<bounds x="682" y="583" width="291" height="126"/>
</OView>
<OView class="oracle.dbtools.crest.swingui.relational.TVTable" oid="ED96CAC9-D545-9CBA-3A23-A403A5E2EC70" otype="Table" vid="19D7D3C2-2F38-8BB7-5540-93AFB4AB7B6C">
<hideElementsInCurrentOnly>false</hideElementsInCurrentOnly>
<bounds x="1071" y="12" width="242" height="104"/>
</OView>
<OView class="oracle.dbtools.crest.swingui.relational.TVTable" oid="F1E8F1F4-B33A-8277-F3D6-E7B5DCA5D9DB" otype="Table" vid="B5ED5FE8-857D-E033-ADBF-9BE987B926DC">
<hideElementsInCurrentOnly>false</hideElementsInCurrentOnly>
<bounds x="20" y="301" width="252" height="115"/>
</OView>
<OView class="oracle.dbtools.crest.swingui.relational.TVTable" oid="F28188AC-F07A-CD53-87E5-BE5DB9A50566" otype="Table" vid="27EACA33-AE1C-AAD2-5B0F-4C85A212B24F">
<hideElementsInCurrentOnly>false</hideElementsInCurrentOnly>
<bounds x="1158" y="646" width="295" height="138"/>
</OView>
<OView class="oracle.dbtools.crest.swingui.relational.TVTable" oid="FE49F4F9-C8DA-EAD9-B782-4E703C991F3A" otype="Table" vid="49A80A24-45DC-025C-DC72-08E22208467C">
<hideElementsInCurrentOnly>false</hideElementsInCurrentOnly>
<bounds x="529" y="732" width="250" height="110"/>
</OView>
</objectViews>
<connectors>
<Connector class="oracle.dbtools.crest.swingui.relational.TVFKRelation" oid="167E1532-AC13-9C44-E47F-8C056277B21C" otype="FKIndexAssociation" vid_source="4D422913-610C-70F3-A55F-613927371F80" vid_target="B5ED5FE8-857D-E033-ADBF-9BE987B926DC">
<hideElementsInCurrentOnly>false</hideElementsInCurrentOnly>
<backgroundColor>-16777216</backgroundColor>
<lineWidth>1</lineWidth>
<points>
<point x="327" y="346"/>
<point x="272" y="346"/>
</points>
</Connector>
<Connector class="oracle.dbtools.crest.swingui.relational.TVFKRelation" oid="19705455-D636-2C5D-A55E-AC92EBB5FDFB" otype="FKIndexAssociation" vid_source="219E2FD9-9477-43D4-6109-8E0ECAABB5F3" vid_target="3F07E2AB-07ED-2E7E-9910-950EBE29FFCF">
<hideElementsInCurrentOnly>false</hideElementsInCurrentOnly>
<backgroundColor>-16777216</backgroundColor>
<lineWidth>1</lineWidth>
<points>
<point x="932" y="302"/>
<point x="1101" y="302"/>
<point x="1132" y="302"/>
</points>
</Connector>
<Connector class="oracle.dbtools.crest.swingui.relational.TVFKRelation" oid="2F654FD7-8B55-B98C-876F-E539ECA0DF6A" otype="FKIndexAssociation" vid_source="219E2FD9-9477-43D4-6109-8E0ECAABB5F3" vid_target="20C6BED4-B44A-87EF-8DA8-3059688C261D">
<hideElementsInCurrentOnly>false</hideElementsInCurrentOnly>
<backgroundColor>-16777216</backgroundColor>
<lineWidth>1</lineWidth>
<points>
<point x="680" y="214"/>
<point x="596" y="214"/>
</points>
</Connector>
<Connector class="oracle.dbtools.crest.swingui.relational.TVFKRelation" oid="31EAD9B8-507A-104A-2C9E-F56BE263B8C1" otype="FKIndexAssociation" vid_source="219E2FD9-9477-43D4-6109-8E0ECAABB5F3" vid_target="521B6FE6-FD08-A499-3F31-37AEA32D9652">
<hideElementsInCurrentOnly>false</hideElementsInCurrentOnly>
<backgroundColor>-16777216</backgroundColor>
<lineWidth>1</lineWidth>
<points>
<point x="785" y="206"/>
<point x="785" y="160"/>
<point x="949" y="160"/>
</points>
</Connector>
<Connector class="oracle.dbtools.crest.swingui.relational.TVFKRelation" oid="385AEC22-A3F4-0403-4095-DC95DD829D4F" otype="FKIndexAssociation" vid_source="4D422913-610C-70F3-A55F-613927371F80" vid_target="E8A63011-548D-6689-43D8-0E2112234EBE">
<hideElementsInCurrentOnly>false</hideElementsInCurrentOnly>
<backgroundColor>-16777216</backgroundColor>
<lineWidth>1</lineWidth>
<points>
<point x="516" y="392"/>
<point x="516" y="442"/>
<point x="516" y="475"/>
</points>
</Connector>
<Connector class="oracle.dbtools.crest.swingui.relational.TVFKRelation" oid="39054D69-E93E-2644-8729-567F65C18BE0" otype="FKIndexAssociation" vid_source="C2AF044A-6EEC-5F31-9A86-4E240C72504F" vid_target="19D7D3C2-2F38-8BB7-5540-93AFB4AB7B6C">
<hideElementsInCurrentOnly>false</hideElementsInCurrentOnly>
<backgroundColor>-16777216</backgroundColor>
<lineWidth>1</lineWidth>
<points>
<point x="1380" y="60"/>
<point x="1313" y="60"/>
</points>
</Connector>
<Connector class="oracle.dbtools.crest.swingui.relational.TVFKRelation" oid="48CB67FF-2BAD-B8B1-C141-98E744DCDA0F" otype="FKIndexAssociation" vid_source="9A06A7B7-E1F9-BAAC-8BA2-08280058C02E" vid_target="27EACA33-AE1C-AAD2-5B0F-4C85A212B24F">
<hideElementsInCurrentOnly>false</hideElementsInCurrentOnly>
<backgroundColor>-16777216</backgroundColor>
<lineWidth>1</lineWidth>
<points>
<point x="1226" y="579"/>
<point x="1226" y="646"/>
</points>
</Connector>
<Connector class="oracle.dbtools.crest.swingui.relational.TVFKRelation" oid="4F2F175F-1E84-423D-90F7-AB34B045C545" otype="FKIndexAssociation" vid_source="9A06A7B7-E1F9-BAAC-8BA2-08280058C02E" vid_target="E49BEAF7-FC05-E3AC-3464-60E54FF57935">
<hideElementsInCurrentOnly>false</hideElementsInCurrentOnly>
<backgroundColor>-16777216</backgroundColor>
<lineWidth>1</lineWidth>
<points>
<point x="1020" y="568"/>
<point x="911" y="568"/>
<point x="911" y="583"/>
</points>
</Connector>
<Connector class="oracle.dbtools.crest.swingui.relational.TVFKRelation" oid="564BA199-D7FC-82B7-4B90-AC1249B7183A" otype="FKIndexAssociation" vid_source="19D7D3C2-2F38-8BB7-5540-93AFB4AB7B6C" vid_target="8C3ED084-1F03-DAF7-FFD2-D16657C83610">
<hideElementsInCurrentOnly>false</hideElementsInCurrentOnly>
<backgroundColor>-16777216</backgroundColor>
<lineWidth>1</lineWidth>
<points>
<point x="1071" y="67"/>
<point x="998" y="67"/>
</points>
</Connector>
<Connector class="oracle.dbtools.crest.swingui.relational.TVFKRelation" oid="66A12DEE-91DF-0A21-2E2D-2808FC711752" otype="FKIndexAssociation" vid_source="4D422913-610C-70F3-A55F-613927371F80" vid_target="20C6BED4-B44A-87EF-8DA8-3059688C261D">
<hideElementsInCurrentOnly>false</hideElementsInCurrentOnly>
<backgroundColor>-16777216</backgroundColor>
<lineWidth>1</lineWidth>
<points>
<point x="543" y="284"/>
<point x="543" y="248"/>
<point x="543" y="222"/>
</points>
</Connector>
<Connector class="oracle.dbtools.crest.swingui.relational.TVFKRelation" oid="7DFD5B44-5BC9-4975-302B-92E0DD2915B9" otype="FKIndexAssociation" vid_source="219E2FD9-9477-43D4-6109-8E0ECAABB5F3" vid_target="70F10ED8-EABC-C13D-88E9-B66746B65272">
<hideElementsInCurrentOnly>false</hideElementsInCurrentOnly>
<backgroundColor>-16777216</backgroundColor>
<lineWidth>1</lineWidth>
<points>
<point x="801" y="344"/>
<point x="801" y="359"/>
<point x="801" y="395"/>
</points>
</Connector>
<Connector class="oracle.dbtools.crest.swingui.relational.TVFKRelation" oid="89A49BC9-D506-32A9-BA8F-DF7D24D5833E" otype="FKIndexAssociation" vid_source="4D422913-610C-70F3-A55F-613927371F80" vid_target="70F10ED8-EABC-C13D-88E9-B66746B65272">
<hideElementsInCurrentOnly>false</hideElementsInCurrentOnly>
<backgroundColor>-16777216</backgroundColor>
<lineWidth>1</lineWidth>
<points>
<point x="583" y="361"/>
<point x="697" y="361"/>
<point x="697" y="395"/>
</points>
</Connector>
<Connector class="oracle.dbtools.crest.swingui.relational.TVFKRelation" oid="8DEB28F9-7104-66EC-C433-6248FC65A600" otype="FKIndexAssociation" vid_source="E8A63011-548D-6689-43D8-0E2112234EBE" vid_target="83443EF8-7136-0F6D-B045-243DC9EDB55F">
<hideElementsInCurrentOnly>false</hideElementsInCurrentOnly>
<backgroundColor>-16777216</backgroundColor>
<lineWidth>1</lineWidth>
<points>
<point x="404" y="546"/>
<point x="318" y="546"/>
</points>
</Connector>
<Connector class="oracle.dbtools.crest.swingui.relational.TVFKRelation" oid="903D23E0-92CD-613D-A999-83506169436B" otype="FKIndexAssociation" vid_source="4D422913-610C-70F3-A55F-613927371F80" vid_target="83443EF8-7136-0F6D-B045-243DC9EDB55F">
<hideElementsInCurrentOnly>false</hideElementsInCurrentOnly>
<backgroundColor>-16777216</backgroundColor>
<lineWidth>1</lineWidth>
<points>
<point x="369" y="392"/>
<point x="369" y="527"/>
<point x="318" y="527"/>
</points>
</Connector>
<Connector class="oracle.dbtools.crest.swingui.relational.TVFKRelation" oid="A94EA6F2-E3A5-0384-A1E0-F5CE36E99D07" otype="FKIndexAssociation" vid_source="E8A63011-548D-6689-43D8-0E2112234EBE" vid_target="E49BEAF7-FC05-E3AC-3464-60E54FF57935">
<hideElementsInCurrentOnly>false</hideElementsInCurrentOnly>
<backgroundColor>-16777216</backgroundColor>
<lineWidth>1</lineWidth>
<points>
<point x="572" y="618"/>
<point x="572" y="703"/>
<point x="682" y="703"/>
</points>
</Connector>
<Connector class="oracle.dbtools.crest.swingui.relational.TVFKRelation" oid="B160DA18-2811-05D1-2AE6-AF61EF222AEF" otype="FKIndexAssociation" vid_source="4D422913-610C-70F3-A55F-613927371F80" vid_target="0AF37FBE-A3F0-8BBA-C4FF-0470FD7EB8CE">
<hideElementsInCurrentOnly>false</hideElementsInCurrentOnly>
<backgroundColor>-16777216</backgroundColor>
<lineWidth>1</lineWidth>
<points>
<point x="356" y="284"/>
<point x="356" y="248"/>
<point x="200" y="247"/>
<point x="200" y="202"/>
</points>
</Connector>
<Connector class="oracle.dbtools.crest.swingui.relational.TVFKRelation" oid="C25409A1-71D7-76F4-55FF-6764C09A9950" otype="FKIndexAssociation" vid_source="419173AC-720D-0579-0FA3-E950B5C57377" vid_target="9A06A7B7-E1F9-BAAC-8BA2-08280058C02E">
<hideElementsInCurrentOnly>false</hideElementsInCurrentOnly>
<backgroundColor>-16777216</backgroundColor>
<lineWidth>1</lineWidth>
<points>
<point x="1348" y="518"/>
<point x="1294" y="518"/>
</points>
</Connector>
<Connector class="oracle.dbtools.crest.swingui.relational.TVFKRelation" oid="D2515115-9AA1-72AE-791C-A69E93450966" otype="FKIndexAssociation" vid_source="8C3ED084-1F03-DAF7-FFD2-D16657C83610" vid_target="20C6BED4-B44A-87EF-8DA8-3059688C261D">
<hideElementsInCurrentOnly>false</hideElementsInCurrentOnly>
<backgroundColor>-16777216</backgroundColor>
<lineWidth>1</lineWidth>
<points>
<point x="735" y="77"/>
<point x="596" y="77"/>
</points>
</Connector>
<Connector class="oracle.dbtools.crest.swingui.relational.TVFKRelation" oid="DC5DCAEB-FB96-4FB6-04D2-4116C86123EE" otype="FKIndexAssociation" vid_source="2EF54C0E-EF04-6C56-8E85-1213821173A5" vid_target="521B6FE6-FD08-A499-3F31-37AEA32D9652">
<hideElementsInCurrentOnly>false</hideElementsInCurrentOnly>
<backgroundColor>-16777216</backgroundColor>
<lineWidth>1</lineWidth>
<points>
<point x="1394" y="171"/>
<point x="1315" y="171"/>
</points>
</Connector>
<Connector class="oracle.dbtools.crest.swingui.relational.TVFKRelation" oid="DE3FBD20-60EE-067B-E246-44978A755A72" otype="FKIndexAssociation" vid_source="49A80A24-45DC-025C-DC72-08E22208467C" vid_target="C3C74FAF-C16F-F8DC-23E6-AE32379C7492">
<hideElementsInCurrentOnly>false</hideElementsInCurrentOnly>
<backgroundColor>-16777216</backgroundColor>
<lineWidth>1</lineWidth>
<points>
<point x="529" y="787"/>
<point x="429" y="787"/>
</points>
</Connector>
<Connector class="oracle.dbtools.crest.swingui.relational.TVFKRelation" oid="F0608397-87E9-0671-54D1-23CEB338CC88" otype="FKIndexAssociation" vid_source="83443EF8-7136-0F6D-B045-243DC9EDB55F" vid_target="C3C74FAF-C16F-F8DC-23E6-AE32379C7492">
<hideElementsInCurrentOnly>false</hideElementsInCurrentOnly>
<backgroundColor>-16777216</backgroundColor>
<lineWidth>1</lineWidth>
<points>
<point x="198" y="619"/>
<point x="198" y="686"/>
</points>
</Connector>
<Connector class="oracle.dbtools.crest.swingui.relational.TVFKRelation" oid="F5DA8764-96B1-D96A-6CE3-AD4607793D86" otype="FKIndexAssociation" vid_source="2EF54C0E-EF04-6C56-8E85-1213821173A5" vid_target="3F07E2AB-07ED-2E7E-9910-950EBE29FFCF">
<hideElementsInCurrentOnly>false</hideElementsInCurrentOnly>
<backgroundColor>-16777216</backgroundColor>
<lineWidth>1</lineWidth>
<points>
<point x="1547" y="211"/>
<point x="1547" y="302"/>
<point x="1441" y="302"/>
</points>
</Connector>
<Connector class="oracle.dbtools.crest.swingui.relational.TVFKRelation" oid="F7835744-7DCA-6AD5-6D87-05F9CD07DC61" otype="FKIndexAssociation" vid_source="9A06A7B7-E1F9-BAAC-8BA2-08280058C02E" vid_target="70F10ED8-EABC-C13D-88E9-B66746B65272">
<hideElementsInCurrentOnly>false</hideElementsInCurrentOnly>
<backgroundColor>-16777216</backgroundColor>
<lineWidth>1</lineWidth>
<points>
<point x="1020" y="465"/>
<point x="978" y="465"/>
<point x="944" y="465"/>
</points>
</Connector>
<Connector class="oracle.dbtools.crest.swingui.relational.TVFKRelation" oid="FB9A3A9C-56F8-FBE5-86CF-852A119DD2CD" otype="FKIndexAssociation" vid_source="219E2FD9-9477-43D4-6109-8E0ECAABB5F3" vid_target="9A06A7B7-E1F9-BAAC-8BA2-08280058C02E">
<hideElementsInCurrentOnly>false</hideElementsInCurrentOnly>
<backgroundColor>-16777216</backgroundColor>
<lineWidth>1</lineWidth>
<points>
<point x="932" y="341"/>
<point x="1104" y="341"/>
<point x="1104" y="420"/>
</points>
</Connector>
</connectors>
</Diagram>