<?xml version = '1.0' encoding = 'UTF-8'?>
<Table class="oracle.dbtools.crest.model.design.relational.Table" directorySegmentName="seg_0" id="1878A143-B648-B415-33AC-8B1A7A6040EF" name="Venta">
<createdBy>Matias</createdBy>
<createdTime>2024-09-24 23:21:43 UTC</createdTime>
<generatorID>7665ACBD-CB26-B60A-FF84-D168BF20DE60</generatorID>
<ownerDesignName>Base_Datos</ownerDesignName>
<allowColumnReorder>false</allowColumnReorder>
<existDependencyGenerateInDDl>true</existDependencyGenerateInDDl>
<parsed>true</parsed>
<columns itemClass="oracle.dbtools.crest.model.design.relational.Column">
<Column name="id_venta" id="1E6E170A-4AAA-C91A-F81F-D7A254F1AC48">
<createdBy>Matias</createdBy>
<createdTime>2024-09-24 23:21:43 UTC</createdTime>
<generatorID>9FA09E07-2912-9EC9-63D6-D032D50EDCE1</generatorID>
<ownerDesignName>Base_Datos</ownerDesignName>
<useDomainConstraints>false</useDomainConstraints>
<use>1</use>
<logicalDatatype>LOGDT011</logicalDatatype>
<ownDataTypeParameters>,,</ownDataTypeParameters>
<autoIncrementCycle>false</autoIncrementCycle>
</Column>
<Column name="fecha_venta" id="318D7734-F8FE-1B22-E38F-FF64E6531B21">
<createdBy>Matias</createdBy>
<createdTime>2024-09-24 23:21:43 UTC</createdTime>
<generatorID>D19CD476-0C61-44C0-81AE-DD0D14E6EBD3</generatorID>
<ownerDesignName>Base_Datos</ownerDesignName>
<useDomainConstraints>false</useDomainConstraints>
<use>1</use>
<logicalDatatype>LOGDT008</logicalDatatype>
<ownDataTypeParameters>,,</ownDataTypeParameters>
<autoIncrementCycle>false</autoIncrementCycle>
</Column>
<Column name="estado_venta" id="2D40A40C-40E1-150C-9C6E-610D1E5C2B9F">
<createdBy>Matias</createdBy>
<createdTime>2024-09-24 23:21:43 UTC</createdTime>
<generatorID>F419A8A6-E55E-7BFC-8C9B-BBF03728468C</generatorID>
<ownerDesignName>Base_Datos</ownerDesignName>
<useDomainConstraints>false</useDomainConstraints>
<use>1</use>
<logicalDatatype>LOGDT024</logicalDatatype>
<dataTypeSize>100 CHAR</dataTypeSize>
<ownDataTypeParameters>100 CHAR,,</ownDataTypeParameters>
<autoIncrementCycle>false</autoIncrementCycle>
</Column>
<Column name="total_venta" id="456BA00B-2C13-D4D7-4954-9F9B5B51A88A">
<createdBy>Matias</createdBy>
<createdTime>2024-09-24 23:21:43 UTC</createdTime>
<generatorID>3B4809A0-CE71-9225-BAFB-B92A7AB8A461</generatorID>
<ownerDesignName>Base_Datos</ownerDesignName>
<useDomainConstraints>false</useDomainConstraints>
<use>1</use>
<logicalDatatype>LOGDT019</logicalDatatype>
<ownDataTypeParameters>,,</ownDataTypeParameters>
<autoIncrementCycle>false</autoIncrementCycle>
</Column>
<Column name="Cliente_Rut_cliente" id="F4433340-BC04-4D40-F70F-77A249F22986">
<createdBy>Matias</createdBy>
<createdTime>2024-09-24 23:21:43 UTC</createdTime>
<generatorID>E9F424A4-E1B8-BAA1-B088-C20AD677EDFE</generatorID>
<ownerDesignName>Base_Datos</ownerDesignName>
<useDomainConstraints>false</useDomainConstraints>
<use>1</use>
<logicalDatatype>LOGDT011</logicalDatatype>
<ownDataTypeParameters>,,</ownDataTypeParameters>
<previousColumn>false</previousColumn>
<autoIncrementCycle>false</autoIncrementCycle>
<associations>
<colAssociation fkAssociation="903D23E0-92CD-613D-A999-83506169436B" referredColumn="941364CC-6C75-BA75-F3C4-99FD47B42CE7"/>
</associations>
</Column>
<Column name="Carrito_id_carrito" id="9E2172EC-487D-B440-E8B2-EE3A0CE01BC9">
<createdBy>Matias</createdBy>
<createdTime>2024-09-24 23:21:43 UTC</createdTime>
<generatorID>2A24DC75-0966-AEC2-C3AA-087A7D8A05ED</generatorID>
<ownerDesignName>Base_Datos</ownerDesignName>
<useDomainConstraints>false</useDomainConstraints>
<use>1</use>
<logicalDatatype>LOGDT011</logicalDatatype>
<ownDataTypeParameters>,,</ownDataTypeParameters>
<previousColumn>false</previousColumn>
<autoIncrementCycle>false</autoIncrementCycle>
<associations>
<colAssociation fkAssociation="8DEB28F9-7104-66EC-C433-6248FC65A600" referredColumn="A40F8BAD-775D-08BD-0E61-E57E7312AE2F"/>
</associations>
</Column>
</columns>
<indexes itemClass="oracle.dbtools.crest.model.design.relational.Index">
<ind_PK_UK id="2719C5BE-6A8D-2520-7787-FE394DFD1DDF" name="Venta_PK">
<createdBy>Matias</createdBy>
<createdTime>2024-09-24 23:21:43 UTC</createdTime>
<generatorID>9F9EDF83-3107-BEA0-2D75-AA901FC561BB</generatorID>
<ownerDesignName>Base_Datos</ownerDesignName>
<pk>true</pk>
<indexState>Primary Constraint</indexState>
<isSurrogateKey>false</isSurrogateKey>
<indexColumnUsage>
<colUsage columnID="1E6E170A-4AAA-C91A-F81F-D7A254F1AC48"/>
</indexColumnUsage>
</ind_PK_UK>
<ind_PK_UK id="F2388BBD-3129-2578-A8FD-DE760040505E" name="Venta_Carrito_FK">
<createdBy>Matias</createdBy>
<createdTime>2024-09-24 23:21:43 UTC</createdTime>
<generatorID>0FC31132-2054-17FD-51FB-F8E357AA6D29</generatorID>
<ownerDesignName>Base_Datos</ownerDesignName>
<indexState>Foreign Key</indexState>
<isSurrogateKey>false</isSurrogateKey>
<indexColumnUsage>
<colUsage columnID="9E2172EC-487D-B440-E8B2-EE3A0CE01BC9"/>
</indexColumnUsage>
</ind_PK_UK>
<ind_PK_UK id="F1BFDE4E-1D43-C1E8-8BB0-EC1398C46659" name="Venta_Cliente_FK">
<createdBy>Matias</createdBy>
<createdTime>2024-09-24 23:21:43 UTC</createdTime>
<generatorID>C9BD033B-8025-79C8-0F09-CA1F20C07558</generatorID>
<ownerDesignName>Base_Datos</ownerDesignName>
<indexState>Foreign Key</indexState>
<isSurrogateKey>false</isSurrogateKey>
<indexColumnUsage>
<colUsage columnID="F4433340-BC04-4D40-F70F-77A249F22986"/>
</indexColumnUsage>
</ind_PK_UK>
</indexes>
</Table>