<?xml version = '1.0' encoding = 'UTF-8'?>
<Table class="oracle.dbtools.crest.model.design.relational.Table" directorySegmentName="seg_0" id="24B84754-AE06-E4D9-9CF2-2901041D2A79" name="Categoria">
<createdBy>Matias</createdBy>
<createdTime>2024-09-24 23:21:42 UTC</createdTime>
<generatorID>C29482F1-EC5F-89DD-737A-384536788CC2</generatorID>
<ownerDesignName>Base_Datos</ownerDesignName>
<allowColumnReorder>false</allowColumnReorder>
<existDependencyGenerateInDDl>true</existDependencyGenerateInDDl>
<parsed>true</parsed>
<columns itemClass="oracle.dbtools.crest.model.design.relational.Column">
<Column name="id_categoria" id="6FA9DC27-4EBF-027E-08B5-DE0F344069DC">
<createdBy>Matias</createdBy>
<createdTime>2024-09-24 23:21:43 UTC</createdTime>
<generatorID>D3E64203-4B09-6DBE-22FA-A1D3352DEBCF</generatorID>
<ownerDesignName>Base_Datos</ownerDesignName>
<useDomainConstraints>false</useDomainConstraints>
<use>1</use>
<logicalDatatype>LOGDT011</logicalDatatype>
<ownDataTypeParameters>,,</ownDataTypeParameters>
<autoIncrementCycle>false</autoIncrementCycle>
</Column>
<Column name="nombre_categoria" id="5A9BA8C2-2DA2-1E07-F0E1-4B87C1CEC39E">
<createdBy>Matias</createdBy>
<createdTime>2024-09-24 23:21:43 UTC</createdTime>
<generatorID>20FB93F9-B120-4153-F75A-728456D087F0</generatorID>
<ownerDesignName>Base_Datos</ownerDesignName>
<useDomainConstraints>false</useDomainConstraints>
<use>1</use>
<logicalDatatype>LOGDT024</logicalDatatype>
<dataTypeSize>100 CHAR</dataTypeSize>
<ownDataTypeParameters>100 CHAR,,</ownDataTypeParameters>
<autoIncrementCycle>false</autoIncrementCycle>
</Column>
</columns>
<indexes itemClass="oracle.dbtools.crest.model.design.relational.Index">
<ind_PK_UK id="35D1519C-1345-3937-DCEB-529B463D0DFD" name="Categoria_PK">
<createdBy>Matias</createdBy>
<createdTime>2024-09-24 23:21:43 UTC</createdTime>
<generatorID>AFC21B5A-4792-D567-2514-E0F1746D1544</generatorID>
<ownerDesignName>Base_Datos</ownerDesignName>
<pk>true</pk>
<indexState>Primary Constraint</indexState>
<isSurrogateKey>false</isSurrogateKey>
<indexColumnUsage>
<colUsage columnID="6FA9DC27-4EBF-027E-08B5-DE0F344069DC"/>
</indexColumnUsage>
</ind_PK_UK>
</indexes>
</Table>