<?xml version = '1.0' encoding = 'UTF-8'?>
<Table class="oracle.dbtools.crest.model.design.relational.Table" directorySegmentName="seg_0" id="39833169-F798-0462-753C-FE52B21C47B0" name="Administrador_proveedor">
<createdBy>Matias</createdBy>
<createdTime>2024-09-24 23:21:42 UTC</createdTime>
<generatorID>8619912D-A483-FF7E-3A26-27C4F73F3085</generatorID>
<ownerDesignName>Base_Datos</ownerDesignName>
<allowColumnReorder>false</allowColumnReorder>
<existDependencyGenerateInDDl>true</existDependencyGenerateInDDl>
<parsed>true</parsed>
<columns itemClass="oracle.dbtools.crest.model.design.relational.Column">
<Column name="Proveedor_Rut" id="7F4C480C-6109-4CA2-681E-3B1F157A29C2">
<createdBy>Matias</createdBy>
<createdTime>2024-09-24 23:21:42 UTC</createdTime>
<generatorID>7F0384DF-FF42-97AC-8559-4BB4FB71EBD2</generatorID>
<ownerDesignName>Base_Datos</ownerDesignName>
<useDomainConstraints>false</useDomainConstraints>
<use>1</use>
<logicalDatatype>LOGDT011</logicalDatatype>
<ownDataTypeParameters>,,</ownDataTypeParameters>
<previousColumn>false</previousColumn>
<autoIncrementCycle>false</autoIncrementCycle>
<associations>
<colAssociation fkAssociation="31EAD9B8-507A-104A-2C9E-F56BE263B8C1" referredColumn="2D34F8A1-3248-DFB9-EE88-40C62092EF3C"/>
</associations>
</Column>
<Column name="Administrador_id_administrador" id="3DC1EB30-AF1E-6D9C-9096-A9E9BFB78FE4">
<createdBy>Matias</createdBy>
<createdTime>2024-09-24 23:21:42 UTC</createdTime>
<generatorID>9A031D7C-A357-23C3-245C-1BCA7919B32B</generatorID>
<ownerDesignName>Base_Datos</ownerDesignName>
<useDomainConstraints>false</useDomainConstraints>
<use>1</use>
<logicalDatatype>LOGDT011</logicalDatatype>
<ownDataTypeParameters>,,</ownDataTypeParameters>
<previousColumn>false</previousColumn>
<autoIncrementCycle>false</autoIncrementCycle>
<associations>
<colAssociation fkAssociation="DC5DCAEB-FB96-4FB6-04D2-4116C86123EE" referredColumn="8359D438-C726-93C5-7716-8F8CAC5FB3D2"/>
</associations>
</Column>
</columns>
<indexes itemClass="oracle.dbtools.crest.model.design.relational.Index">
<ind_PK_UK id="CB439D81-1ACC-31DE-57D0-C651984D556A" name="Administrador_proveedor_Administrador_FK">
<createdBy>Matias</createdBy>
<createdTime>2024-09-24 23:21:43 UTC</createdTime>
<generatorID>3D22E038-3EFB-4ED4-00BA-77E36A753801</generatorID>
<ownerDesignName>Base_Datos</ownerDesignName>
<indexState>Foreign Key</indexState>
<isSurrogateKey>false</isSurrogateKey>
<indexColumnUsage>
<colUsage columnID="3DC1EB30-AF1E-6D9C-9096-A9E9BFB78FE4"/>
</indexColumnUsage>
</ind_PK_UK>
<ind_PK_UK id="C4B81BE9-0C57-95DF-D16F-FDD7AC1EBF41" name="Administrador_proveedor_Proveedor_FK">
<createdBy>Matias</createdBy>
<createdTime>2024-09-24 23:21:43 UTC</createdTime>
<generatorID>A968AC92-37F1-1ECF-60A2-29ED0FA3993B</generatorID>
<ownerDesignName>Base_Datos</ownerDesignName>
<indexState>Foreign Key</indexState>
<isSurrogateKey>false</isSurrogateKey>
<indexColumnUsage>
<colUsage columnID="7F4C480C-6109-4CA2-681E-3B1F157A29C2"/>
</indexColumnUsage>
</ind_PK_UK>
</indexes>
</Table>