<?xml version = '1.0' encoding = 'UTF-8'?>
<Table class="oracle.dbtools.crest.model.design.relational.Table" directorySegmentName="seg_0" id="5163FD5B-1BAA-DA14-3444-7A48310ADA56" name="Producto">
<createdBy>Matias</createdBy>
<createdTime>2024-09-24 23:21:43 UTC</createdTime>
<generatorID>F3902E0F-F308-7023-EDBB-2B7133D1BA9F</generatorID>
<ownerDesignName>Base_Datos</ownerDesignName>
<allowColumnReorder>false</allowColumnReorder>
<existDependencyGenerateInDDl>true</existDependencyGenerateInDDl>
<parsed>true</parsed>
<columns itemClass="oracle.dbtools.crest.model.design.relational.Column">
<Column name="Codigo_Producto" id="CCD3E166-0AAD-ED97-6C23-5137D7F023B8">
<createdBy>Matias</createdBy>
<createdTime>2024-09-24 23:21:43 UTC</createdTime>
<generatorID>9672120C-FED5-2941-5820-01373CA0B169</generatorID>
<ownerDesignName>Base_Datos</ownerDesignName>
<useDomainConstraints>false</useDomainConstraints>
<use>1</use>
<logicalDatatype>LOGDT024</logicalDatatype>
<dataTypeSize>100 CHAR</dataTypeSize>
<ownDataTypeParameters>100 CHAR,,</ownDataTypeParameters>
<autoIncrementCycle>false</autoIncrementCycle>
</Column>
<Column name="Nombre_Producto" id="2B84DD6F-B793-5BD6-4002-32012AC3F483">
<createdBy>Matias</createdBy>
<createdTime>2024-09-24 23:21:43 UTC</createdTime>
<generatorID>5DF180DC-D96D-4506-30BF-992CF52FBEF5</generatorID>
<ownerDesignName>Base_Datos</ownerDesignName>
<useDomainConstraints>false</useDomainConstraints>
<use>1</use>
<logicalDatatype>LOGDT024</logicalDatatype>
<dataTypeSize>100 CHAR</dataTypeSize>
<ownDataTypeParameters>100 CHAR,,</ownDataTypeParameters>
<autoIncrementCycle>false</autoIncrementCycle>
</Column>
<Column name="Precio" id="2442290E-C6B5-C2A7-EB47-8FCF09762A87">
<createdBy>Matias</createdBy>
<createdTime>2024-09-24 23:21:43 UTC</createdTime>
<generatorID>50E507A4-71DB-10BB-EBFE-93D8319D19DE</generatorID>
<ownerDesignName>Base_Datos</ownerDesignName>
<useDomainConstraints>false</useDomainConstraints>
<use>1</use>
<logicalDatatype>LOGDT024</logicalDatatype>
<dataTypeSize>100 CHAR</dataTypeSize>
<ownDataTypeParameters>100 CHAR,,</ownDataTypeParameters>
<autoIncrementCycle>false</autoIncrementCycle>
</Column>
<Column name="imagen_producto" id="B0371986-EDE0-6CE1-4282-E5FD06FD72C1">
<createdBy>Matias</createdBy>
<createdTime>2024-09-24 23:21:43 UTC</createdTime>
<generatorID>05DB4B39-4E5C-8286-123D-A66B9F4A907E</generatorID>
<ownerDesignName>Base_Datos</ownerDesignName>
<useDomainConstraints>false</useDomainConstraints>
<use>1</use>
<logicalDatatype>LOGDT010</logicalDatatype>
<ownDataTypeParameters>,,</ownDataTypeParameters>
<autoIncrementCycle>false</autoIncrementCycle>
</Column>
<Column name="Categoria_id_categoria" id="2C0F759A-C236-20A1-C7EF-5AB22ADFD8FF">
<createdBy>Matias</createdBy>
<createdTime>2024-09-24 23:21:43 UTC</createdTime>
<generatorID>1F7E471E-E2B5-59DD-9884-CEFDDBF3EA91</generatorID>
<ownerDesignName>Base_Datos</ownerDesignName>
<useDomainConstraints>false</useDomainConstraints>
<use>1</use>
<logicalDatatype>LOGDT011</logicalDatatype>
<ownDataTypeParameters>,,</ownDataTypeParameters>
<previousColumn>false</previousColumn>
<autoIncrementCycle>false</autoIncrementCycle>
<associations>
<colAssociation fkAssociation="C25409A1-71D7-76F4-55FF-6764C09A9950" referredColumn="6FA9DC27-4EBF-027E-08B5-DE0F344069DC"/>
</associations>
</Column>
<Column name="Proveedor_Rut" id="DA4F0CC4-439F-2D17-898C-9529302F8C47">
<createdBy>Matias</createdBy>
<createdTime>2024-09-24 23:21:43 UTC</createdTime>
<generatorID>165508F7-B9D6-719C-3733-4AA7EF21F293</generatorID>
<ownerDesignName>Base_Datos</ownerDesignName>
<useDomainConstraints>false</useDomainConstraints>
<use>1</use>
<logicalDatatype>LOGDT011</logicalDatatype>
<ownDataTypeParameters>,,</ownDataTypeParameters>
<previousColumn>false</previousColumn>
<autoIncrementCycle>false</autoIncrementCycle>
<associations>
<colAssociation fkAssociation="FB9A3A9C-56F8-FBE5-86CF-852A119DD2CD" referredColumn="2D34F8A1-3248-DFB9-EE88-40C62092EF3C"/>
</associations>
</Column>
</columns>
<indexes itemClass="oracle.dbtools.crest.model.design.relational.Index">
<ind_PK_UK id="42FD5527-0449-87B8-7B9B-C494285F1317" name="Producto_PK">
<createdBy>Matias</createdBy>
<createdTime>2024-09-24 23:21:43 UTC</createdTime>
<generatorID>CF8D84ED-45AF-9424-F0C4-D24A0D35EEBE</generatorID>
<ownerDesignName>Base_Datos</ownerDesignName>
<pk>true</pk>
<indexState>Primary Constraint</indexState>
<isSurrogateKey>false</isSurrogateKey>
<indexColumnUsage>
<colUsage columnID="CCD3E166-0AAD-ED97-6C23-5137D7F023B8"/>
</indexColumnUsage>
</ind_PK_UK>
<ind_PK_UK id="D5CB294E-1B4A-8EA3-F433-F7ECF7C61A04" name="Producto_Categoria_FK">
<createdBy>Matias</createdBy>
<createdTime>2024-09-24 23:21:43 UTC</createdTime>
<generatorID>87467850-485B-ED78-C23C-17942BCDFC04</generatorID>
<ownerDesignName>Base_Datos</ownerDesignName>
<indexState>Foreign Key</indexState>
<isSurrogateKey>false</isSurrogateKey>
<indexColumnUsage>
<colUsage columnID="2C0F759A-C236-20A1-C7EF-5AB22ADFD8FF"/>
</indexColumnUsage>
</ind_PK_UK>
<ind_PK_UK id="DD5E1687-EA0D-462E-4A21-A66D5FF627A0" name="Producto_Proveedor_FK">
<createdBy>Matias</createdBy>
<createdTime>2024-09-24 23:21:43 UTC</createdTime>
<generatorID>CB194FC2-B741-2FCC-1FE1-216773A9BE68</generatorID>
<ownerDesignName>Base_Datos</ownerDesignName>
<indexState>Foreign Key</indexState>
<isSurrogateKey>false</isSurrogateKey>
<indexColumnUsage>
<colUsage columnID="DA4F0CC4-439F-2D17-898C-9529302F8C47"/>
</indexColumnUsage>
</ind_PK_UK>
</indexes>
</Table>