<?xml version = '1.0' encoding = 'UTF-8'?>
<Table class="oracle.dbtools.crest.model.design.relational.Table" directorySegmentName="seg_0" id="64D55341-B3DD-AC69-3851-E721EC4E5F75" name="Direccion">
<createdBy>Matias</createdBy>
<createdTime>2024-09-24 23:21:43 UTC</createdTime>
<generatorID>74EACE5B-CAB5-0163-DDD7-8D343BA2E72E</generatorID>
<ownerDesignName>Base_Datos</ownerDesignName>
<allowColumnReorder>false</allowColumnReorder>
<existDependencyGenerateInDDl>true</existDependencyGenerateInDDl>
<parsed>true</parsed>
<columns itemClass="oracle.dbtools.crest.model.design.relational.Column">
<Column name="id_direccion" id="E6C7B218-DA0E-D0C3-A6FC-82AFECBFB4B3">
<createdBy>Matias</createdBy>
<createdTime>2024-09-24 23:21:43 UTC</createdTime>
<generatorID>03DF88F0-C170-4D32-D192-48656091DD84</generatorID>
<ownerDesignName>Base_Datos</ownerDesignName>
<useDomainConstraints>false</useDomainConstraints>
<use>1</use>
<logicalDatatype>LOGDT011</logicalDatatype>
<ownDataTypeParameters>,,</ownDataTypeParameters>
<autoIncrementCycle>false</autoIncrementCycle>
</Column>
<Column name="tipo_direccion" id="2574506C-6F17-124B-8C0A-8D2D9528695D">
<createdBy>Matias</createdBy>
<createdTime>2024-09-24 23:21:43 UTC</createdTime>
<generatorID>6B0180E0-AE41-77CD-6359-709114B307A4</generatorID>
<ownerDesignName>Base_Datos</ownerDesignName>
<useDomainConstraints>false</useDomainConstraints>
<use>1</use>
<logicalDatatype>LOGDT024</logicalDatatype>
<dataTypeSize>200 CHAR</dataTypeSize>
<ownDataTypeParameters>200 CHAR,,</ownDataTypeParameters>
<autoIncrementCycle>false</autoIncrementCycle>
</Column>
<Column name="latitud" id="AB8FFD2B-09BC-8B54-C5CE-B97645A3F907">
<createdBy>Matias</createdBy>
<createdTime>2024-09-24 23:21:43 UTC</createdTime>
<generatorID>2B8C0D99-6395-B785-6776-0005566410CF</generatorID>
<ownerDesignName>Base_Datos</ownerDesignName>
<useDomainConstraints>false</useDomainConstraints>
<use>1</use>
<logicalDatatype>LOGDT024</logicalDatatype>
<dataTypeSize>100 CHAR</dataTypeSize>
<ownDataTypeParameters>100 CHAR,,</ownDataTypeParameters>
<autoIncrementCycle>false</autoIncrementCycle>
</Column>
<Column name="longitud" id="561C4FA7-62F0-251F-3DFD-58072D77E001">
<createdBy>Matias</createdBy>
<createdTime>2024-09-24 23:21:43 UTC</createdTime>
<generatorID>24559BC9-FFAF-C5D8-04BF-97ACA9339C71</generatorID>
<ownerDesignName>Base_Datos</ownerDesignName>
<useDomainConstraints>false</useDomainConstraints>
<use>1</use>
<logicalDatatype>LOGDT024</logicalDatatype>
<dataTypeSize>100 CHAR</dataTypeSize>
<ownDataTypeParameters>100 CHAR,,</ownDataTypeParameters>
<autoIncrementCycle>false</autoIncrementCycle>
</Column>
<Column name="Comuna_id_comuna" id="6820A598-C594-BC85-417B-0B051AA95D25">
<createdBy>Matias</createdBy>
<createdTime>2024-09-24 23:21:43 UTC</createdTime>
<generatorID>81EFF9C7-D485-0447-36BA-049C0B4D90BC</generatorID>
<ownerDesignName>Base_Datos</ownerDesignName>
<useDomainConstraints>false</useDomainConstraints>
<use>1</use>
<logicalDatatype>LOGDT011</logicalDatatype>
<ownDataTypeParameters>,,</ownDataTypeParameters>
<previousColumn>false</previousColumn>
<autoIncrementCycle>false</autoIncrementCycle>
<associations>
<colAssociation fkAssociation="D2515115-9AA1-72AE-791C-A69E93450966" referredColumn="90CE7277-A3E9-EAA5-0A9D-6E8EB107A0E3"/>
</associations>
</Column>
<Column name="Proveedor_Rut" id="D0D2F610-E06C-61BF-FD54-CB739C852471">
<createdBy>Matias</createdBy>
<createdTime>2024-09-24 23:21:43 UTC</createdTime>
<generatorID>8ACF97FA-59E1-ACBD-3814-F1CB3C0DD192</generatorID>
<ownerDesignName>Base_Datos</ownerDesignName>
<useDomainConstraints>false</useDomainConstraints>
<use>1</use>
<logicalDatatype>LOGDT011</logicalDatatype>
<ownDataTypeParameters>,,</ownDataTypeParameters>
<previousColumn>false</previousColumn>
<autoIncrementCycle>false</autoIncrementCycle>
<associations>
<colAssociation fkAssociation="2F654FD7-8B55-B98C-876F-E539ECA0DF6A" referredColumn="2D34F8A1-3248-DFB9-EE88-40C62092EF3C"/>
</associations>
</Column>
<Column name="Cliente_Rut_cliente" id="546C57EA-EBE5-19B9-2C9A-793446ED2AB1">
<createdBy>Matias</createdBy>
<createdTime>2024-09-24 23:21:43 UTC</createdTime>
<generatorID>CBB63C08-1590-3414-826A-84B9587EFFE0</generatorID>
<ownerDesignName>Base_Datos</ownerDesignName>
<useDomainConstraints>false</useDomainConstraints>
<use>1</use>
<logicalDatatype>LOGDT011</logicalDatatype>
<ownDataTypeParameters>,,</ownDataTypeParameters>
<previousColumn>false</previousColumn>
<autoIncrementCycle>false</autoIncrementCycle>
<associations>
<colAssociation fkAssociation="66A12DEE-91DF-0A21-2E2D-2808FC711752" referredColumn="941364CC-6C75-BA75-F3C4-99FD47B42CE7"/>
</associations>
</Column>
</columns>
<indexes itemClass="oracle.dbtools.crest.model.design.relational.Index">
<ind_PK_UK id="678C5C33-F531-9500-7CBD-CAFC0A2B9826" name="Direccion_PK">
<createdBy>Matias</createdBy>
<createdTime>2024-09-24 23:21:43 UTC</createdTime>
<generatorID>B6A6A253-21F9-CF7E-66CB-B505078ACC73</generatorID>
<ownerDesignName>Base_Datos</ownerDesignName>
<pk>true</pk>
<indexState>Primary Constraint</indexState>
<isSurrogateKey>false</isSurrogateKey>
<indexColumnUsage>
<colUsage columnID="E6C7B218-DA0E-D0C3-A6FC-82AFECBFB4B3"/>
</indexColumnUsage>
</ind_PK_UK>
<ind_PK_UK id="38DD7D2C-6204-ACC0-E68D-E96DF6B40377" name="Direccion_Comuna_FK">
<createdBy>Matias</createdBy>
<createdTime>2024-09-24 23:21:43 UTC</createdTime>
<generatorID>658A56D6-38BC-1476-E727-5FC64D5E6E68</generatorID>
<ownerDesignName>Base_Datos</ownerDesignName>
<indexState>Foreign Key</indexState>
<isSurrogateKey>false</isSurrogateKey>
<indexColumnUsage>
<colUsage columnID="6820A598-C594-BC85-417B-0B051AA95D25"/>
</indexColumnUsage>
</ind_PK_UK>
<ind_PK_UK id="CD0A5ABD-0C4B-41BA-EB10-06E3EE3AB0FA" name="Direccion_Cliente_FK">
<createdBy>Matias</createdBy>
<createdTime>2024-09-24 23:21:43 UTC</createdTime>
<generatorID>E2CABBFE-F3BF-0EDF-0169-807BA76804E7</generatorID>
<ownerDesignName>Base_Datos</ownerDesignName>
<indexState>Foreign Key</indexState>
<isSurrogateKey>false</isSurrogateKey>
<indexColumnUsage>
<colUsage columnID="546C57EA-EBE5-19B9-2C9A-793446ED2AB1"/>
</indexColumnUsage>
</ind_PK_UK>
<ind_PK_UK id="C5642611-00FA-5A3C-4B8D-BF8D974A4D02" name="Direccion_Proveedor_FK">
<createdBy>Matias</createdBy>
<createdTime>2024-09-24 23:21:43 UTC</createdTime>
<generatorID>3780857C-B3DC-5C0D-249C-85CC95FC8557</generatorID>
<ownerDesignName>Base_Datos</ownerDesignName>
<indexState>Foreign Key</indexState>
<isSurrogateKey>false</isSurrogateKey>
<indexColumnUsage>
<colUsage columnID="D0D2F610-E06C-61BF-FD54-CB739C852471"/>
</indexColumnUsage>
</ind_PK_UK>
</indexes>
</Table>