<?xml version = '1.0' encoding = 'UTF-8'?>
<Table class="oracle.dbtools.crest.model.design.relational.Table" directorySegmentName="seg_0" id="93C8F441-00BD-FDCE-47FE-3254E40CE511" name="Comuna">
<createdBy>Matias</createdBy>
<createdTime>2024-09-24 23:21:43 UTC</createdTime>
<generatorID>D3A717B1-3EC1-23D4-FF22-DC9C9F54E880</generatorID>
<ownerDesignName>Base_Datos</ownerDesignName>
<allowColumnReorder>false</allowColumnReorder>
<existDependencyGenerateInDDl>true</existDependencyGenerateInDDl>
<parsed>true</parsed>
<columns itemClass="oracle.dbtools.crest.model.design.relational.Column">
<Column name="id_comuna" id="90CE7277-A3E9-EAA5-0A9D-6E8EB107A0E3">
<createdBy>Matias</createdBy>
<createdTime>2024-09-24 23:21:43 UTC</createdTime>
<generatorID>F37F51AB-BB0E-B014-1270-D09A601C91B3</generatorID>
<ownerDesignName>Base_Datos</ownerDesignName>
<useDomainConstraints>false</useDomainConstraints>
<use>1</use>
<logicalDatatype>LOGDT011</logicalDatatype>
<ownDataTypeParameters>,,</ownDataTypeParameters>
<autoIncrementCycle>false</autoIncrementCycle>
</Column>
<Column name="nombre_comuna" id="73B959B9-8F24-CB23-FCCE-57AD514BF084">
<createdBy>Matias</createdBy>
<createdTime>2024-09-24 23:21:43 UTC</createdTime>
<generatorID>EFC43A91-C6C8-B8C6-6A32-65863A42B5A7</generatorID>
<ownerDesignName>Base_Datos</ownerDesignName>
<useDomainConstraints>false</useDomainConstraints>
<use>1</use>
<logicalDatatype>LOGDT024</logicalDatatype>
<dataTypeSize>100 CHAR</dataTypeSize>
<ownDataTypeParameters>100 CHAR,,</ownDataTypeParameters>
<autoIncrementCycle>false</autoIncrementCycle>
</Column>
<Column name="Provincia_id_provincia" id="E26E5920-8EFA-7F3A-D5FE-B1B75A2B0CD6">
<createdBy>Matias</createdBy>
<createdTime>2024-09-24 23:21:43 UTC</createdTime>
<generatorID>4985ED31-9A8A-7B87-8CCB-65F979B718C3</generatorID>
<ownerDesignName>Base_Datos</ownerDesignName>
<useDomainConstraints>false</useDomainConstraints>
<use>1</use>
<logicalDatatype>LOGDT011</logicalDatatype>
<ownDataTypeParameters>,,</ownDataTypeParameters>
<previousColumn>false</previousColumn>
<autoIncrementCycle>false</autoIncrementCycle>
<associations>
<colAssociation fkAssociation="564BA199-D7FC-82B7-4B90-AC1249B7183A" referredColumn="59C3637E-E8FA-3C16-DB6B-723618779A42"/>
</associations>
</Column>
</columns>
<indexes itemClass="oracle.dbtools.crest.model.design.relational.Index">
<ind_PK_UK id="6CEF458E-AA2B-E1A3-D7D6-D4CBD6B29438" name="Comuna_PK">
<createdBy>Matias</createdBy>
<createdTime>2024-09-24 23:21:43 UTC</createdTime>
<generatorID>AD3C7B2C-2A84-F649-3C85-6C2A2324756F</generatorID>
<ownerDesignName>Base_Datos</ownerDesignName>
<pk>true</pk>
<indexState>Primary Constraint</indexState>
<isSurrogateKey>false</isSurrogateKey>
<indexColumnUsage>
<colUsage columnID="90CE7277-A3E9-EAA5-0A9D-6E8EB107A0E3"/>
</indexColumnUsage>
</ind_PK_UK>
<ind_PK_UK id="D04B7266-C10C-4410-AD27-08526C49D444" name="Comuna_Provincia_FK">
<createdBy>Matias</createdBy>
<createdTime>2024-09-24 23:21:43 UTC</createdTime>
<generatorID>5AA723D3-196D-B255-46CB-8F9BEEFBDD5D</generatorID>
<ownerDesignName>Base_Datos</ownerDesignName>
<indexState>Foreign Key</indexState>
<isSurrogateKey>false</isSurrogateKey>
<indexColumnUsage>
<colUsage columnID="E26E5920-8EFA-7F3A-D5FE-B1B75A2B0CD6"/>
</indexColumnUsage>
</ind_PK_UK>
</indexes>
</Table>