<?xml version = '1.0' encoding = 'UTF-8'?>
<Table class="oracle.dbtools.crest.model.design.relational.Table" directorySegmentName="seg_0" id="9E92774A-E202-2FEC-231E-A5E84DC79EC7" name="Administrador">
<createdBy>Matias</createdBy>
<createdTime>2024-09-24 23:21:42 UTC</createdTime>
<generatorID>F9361220-1043-56BB-701C-493C3200DC4A</generatorID>
<ownerDesignName>Base_Datos</ownerDesignName>
<allowColumnReorder>false</allowColumnReorder>
<existDependencyGenerateInDDl>true</existDependencyGenerateInDDl>
<parsed>true</parsed>
<columns itemClass="oracle.dbtools.crest.model.design.relational.Column">
<Column name="id_administrador" id="8359D438-C726-93C5-7716-8F8CAC5FB3D2">
<createdBy>Matias</createdBy>
<createdTime>2024-09-24 23:21:42 UTC</createdTime>
<generatorID>1D007AB7-4B60-5962-7FA3-089A5558C2E6</generatorID>
<ownerDesignName>Base_Datos</ownerDesignName>
<useDomainConstraints>false</useDomainConstraints>
<use>1</use>
<logicalDatatype>LOGDT011</logicalDatatype>
<ownDataTypeParameters>,,</ownDataTypeParameters>
<autoIncrementCycle>false</autoIncrementCycle>
</Column>
<Column name="correo_electronico" id="3D0EC3E4-478A-5FAA-4DAB-730622306155">
<createdBy>Matias</createdBy>
<createdTime>2024-09-24 23:21:42 UTC</createdTime>
<generatorID>5A9863CD-146A-8E53-86C6-EB23887CFE79</generatorID>
<ownerDesignName>Base_Datos</ownerDesignName>
<useDomainConstraints>false</useDomainConstraints>
<use>1</use>
<logicalDatatype>LOGDT024</logicalDatatype>
<dataTypeSize>100 CHAR</dataTypeSize>
<ownDataTypeParameters>100 CHAR,,</ownDataTypeParameters>
<autoIncrementCycle>false</autoIncrementCycle>
</Column>
<Column name="contraseña" id="DA22EC55-FB05-CF78-4082-7ACBF34FC860">
<createdBy>Matias</createdBy>
<createdTime>2024-09-24 23:21:42 UTC</createdTime>
<generatorID>E235B98C-E49C-4E40-E9DE-4045CD9214D1</generatorID>
<ownerDesignName>Base_Datos</ownerDesignName>
<useDomainConstraints>false</useDomainConstraints>
<use>1</use>
<logicalDatatype>LOGDT024</logicalDatatype>
<dataTypeSize>10 CHAR</dataTypeSize>
<ownDataTypeParameters>10 CHAR,,</ownDataTypeParameters>
<autoIncrementCycle>false</autoIncrementCycle>
</Column>
</columns>
<indexes itemClass="oracle.dbtools.crest.model.design.relational.Index">
<ind_PK_UK id="E1369AE5-7A87-1B7F-B317-56F08EFEDF4A" name="Administrador_PK">
<createdBy>Matias</createdBy>
<createdTime>2024-09-24 23:21:42 UTC</createdTime>
<generatorID>6648C6DB-0B7E-20C3-A912-0FECD4CB9B97</generatorID>
<ownerDesignName>Base_Datos</ownerDesignName>
<pk>true</pk>
<indexState>Primary Constraint</indexState>
<isSurrogateKey>false</isSurrogateKey>
<indexColumnUsage>
<colUsage columnID="8359D438-C726-93C5-7716-8F8CAC5FB3D2"/>
</indexColumnUsage>
</ind_PK_UK>
</indexes>
</Table>