<?xml version = '1.0' encoding = 'UTF-8'?>
<Table class="oracle.dbtools.crest.model.design.relational.Table" directorySegmentName="seg_0" id="DDB87FED-5394-B333-50A9-292B15B2CEC3" name="Producto_venta">
<createdBy>Matias</createdBy>
<createdTime>2024-09-24 23:21:43 UTC</createdTime>
<generatorID>34F9CEF3-9452-AFDC-2979-ABDB467B30E4</generatorID>
<ownerDesignName>Base_Datos</ownerDesignName>
<allowColumnReorder>false</allowColumnReorder>
<existDependencyGenerateInDDl>true</existDependencyGenerateInDDl>
<parsed>true</parsed>
<columns itemClass="oracle.dbtools.crest.model.design.relational.Column">
<Column name="Producto_Codigo_Producto" id="EC3E7B1B-B50F-6808-85B0-B61D86735BCC">
<createdBy>Matias</createdBy>
<createdTime>2024-09-24 23:21:43 UTC</createdTime>
<generatorID>E6F3EB36-C2F3-1AD8-80E3-4A85A6868ABA</generatorID>
<ownerDesignName>Base_Datos</ownerDesignName>
<useDomainConstraints>false</useDomainConstraints>
<use>1</use>
<logicalDatatype>LOGDT024</logicalDatatype>
<dataTypeSize>100 CHAR</dataTypeSize>
<ownDataTypeParameters>,,</ownDataTypeParameters>
<previousColumn>false</previousColumn>
<autoIncrementCycle>false</autoIncrementCycle>
<associations>
<colAssociation fkAssociation="4F2F175F-1E84-423D-90F7-AB34B045C545" referredColumn="CCD3E166-0AAD-ED97-6C23-5137D7F023B8"/>
</associations>
</Column>
<Column name="Carrito_id_carrito" id="31466E61-EF71-6CE7-EF95-05A2FD8F883D">
<createdBy>Matias</createdBy>
<createdTime>2024-09-24 23:21:43 UTC</createdTime>
<generatorID>2E7CD1D4-4EA0-08A7-CDDB-BB186240E062</generatorID>
<ownerDesignName>Base_Datos</ownerDesignName>
<useDomainConstraints>false</useDomainConstraints>
<use>1</use>
<logicalDatatype>LOGDT011</logicalDatatype>
<ownDataTypeParameters>,,</ownDataTypeParameters>
<previousColumn>false</previousColumn>
<autoIncrementCycle>false</autoIncrementCycle>
<associations>
<colAssociation fkAssociation="A94EA6F2-E3A5-0384-A1E0-F5CE36E99D07" referredColumn="A40F8BAD-775D-08BD-0E61-E57E7312AE2F"/>
</associations>
</Column>
<Column name="cantidad" id="E0094F7F-3AE2-6021-EC01-1FFEDAFB5A8C">
<createdBy>Matias</createdBy>
<createdTime>2024-09-24 23:21:43 UTC</createdTime>
<generatorID>1578BDC8-CC44-B623-26AD-BCCB757740B6</generatorID>
<ownerDesignName>Base_Datos</ownerDesignName>
<useDomainConstraints>false</useDomainConstraints>
<use>1</use>
<logicalDatatype>LOGDT019</logicalDatatype>
<ownDataTypeParameters>,,</ownDataTypeParameters>
<autoIncrementCycle>false</autoIncrementCycle>
</Column>
<Column name="precio_unitario" id="89410188-389F-8DAC-F3ED-39A4E5FF26AD">
<createdBy>Matias</createdBy>
<createdTime>2024-09-24 23:21:43 UTC</createdTime>
<generatorID>0086B29E-ABB7-AF59-6B3C-85F41BA32F85</generatorID>
<ownerDesignName>Base_Datos</ownerDesignName>
<useDomainConstraints>false</useDomainConstraints>
<use>1</use>
<logicalDatatype>LOGDT019</logicalDatatype>
<ownDataTypeParameters>,,</ownDataTypeParameters>
<autoIncrementCycle>false</autoIncrementCycle>
</Column>
<Column name="subtotal" id="D2EB03A5-C479-E4BB-E285-884902967617">
<createdBy>Matias</createdBy>
<createdTime>2024-09-24 23:21:43 UTC</createdTime>
<generatorID>51CD9EE4-B99F-19F8-E047-B0DAF53152D2</generatorID>
<ownerDesignName>Base_Datos</ownerDesignName>
<useDomainConstraints>false</useDomainConstraints>
<use>1</use>
<logicalDatatype>LOGDT019</logicalDatatype>
<ownDataTypeParameters>,,</ownDataTypeParameters>
<autoIncrementCycle>false</autoIncrementCycle>
</Column>
</columns>
<indexes itemClass="oracle.dbtools.crest.model.design.relational.Index">
<ind_PK_UK id="8866E8B7-0D8F-F31F-C81E-16401F743FC5" name="Producto_venta_Carrito_FK">
<createdBy>Matias</createdBy>
<createdTime>2024-09-24 23:21:43 UTC</createdTime>
<generatorID>BD1AC78F-A39F-89DB-8068-680ACD236CCC</generatorID>
<ownerDesignName>Base_Datos</ownerDesignName>
<indexState>Foreign Key</indexState>
<isSurrogateKey>false</isSurrogateKey>
<indexColumnUsage>
<colUsage columnID="31466E61-EF71-6CE7-EF95-05A2FD8F883D"/>
</indexColumnUsage>
</ind_PK_UK>
<ind_PK_UK id="F0C5E2B6-7284-1B21-8EF8-D3D9F3209714" name="Producto_venta_Producto_FK">
<createdBy>Matias</createdBy>
<createdTime>2024-09-24 23:21:43 UTC</createdTime>
<generatorID>CFDE59B1-369D-998A-F949-20A75CE47FB4</generatorID>
<ownerDesignName>Base_Datos</ownerDesignName>
<indexState>Foreign Key</indexState>
<isSurrogateKey>false</isSurrogateKey>
<indexColumnUsage>
<colUsage columnID="EC3E7B1B-B50F-6808-85B0-B61D86735BCC"/>
</indexColumnUsage>
</ind_PK_UK>
</indexes>
</Table>