<?xml version = '1.0' encoding = 'UTF-8'?>
<Table class="oracle.dbtools.crest.model.design.relational.Table" directorySegmentName="seg_0" id="F1E8F1F4-B33A-8277-F3D6-E7B5DCA5D9DB" name="Notificacion">
<createdBy>Matias</createdBy>
<createdTime>2024-09-24 23:21:43 UTC</createdTime>
<generatorID>0993AFF5-4A6F-3252-BFF1-1F5E8EBC67FB</generatorID>
<ownerDesignName>Base_Datos</ownerDesignName>
<allowColumnReorder>false</allowColumnReorder>
<existDependencyGenerateInDDl>true</existDependencyGenerateInDDl>
<parsed>true</parsed>
<columns itemClass="oracle.dbtools.crest.model.design.relational.Column">
<Column name="id_notificacion" id="F31CCFB3-F87F-5E11-5395-C80062A67B39">
<createdBy>Matias</createdBy>
<createdTime>2024-09-24 23:21:43 UTC</createdTime>
<generatorID>A2634626-518D-2DAC-909A-0F945FF0A74E</generatorID>
<ownerDesignName>Base_Datos</ownerDesignName>
<useDomainConstraints>false</useDomainConstraints>
<use>1</use>
<logicalDatatype>LOGDT011</logicalDatatype>
<ownDataTypeParameters>,,</ownDataTypeParameters>
<autoIncrementCycle>false</autoIncrementCycle>
</Column>
<Column name="mensaje" id="E06968D6-7467-1C44-39AA-8A9B0D44C0AF">
<createdBy>Matias</createdBy>
<createdTime>2024-09-24 23:21:43 UTC</createdTime>
<generatorID>D794DB32-F305-1E4D-1F8A-0B0CB7EDD417</generatorID>
<ownerDesignName>Base_Datos</ownerDesignName>
<useDomainConstraints>false</useDomainConstraints>
<use>1</use>
<logicalDatatype>LOGDT024</logicalDatatype>
<dataTypeSize>200 CHAR</dataTypeSize>
<ownDataTypeParameters>200 CHAR,,</ownDataTypeParameters>
<autoIncrementCycle>false</autoIncrementCycle>
</Column>
<Column name="fecha_envio" id="3CE5BB0B-ED5C-27C9-B5AB-302CA6B77B94">
<createdBy>Matias</createdBy>
<createdTime>2024-09-24 23:21:43 UTC</createdTime>
<generatorID>5DE0B680-9B82-8CDD-09F6-C8FB18EC3C77</generatorID>
<ownerDesignName>Base_Datos</ownerDesignName>
<useDomainConstraints>false</useDomainConstraints>
<use>1</use>
<logicalDatatype>LOGDT008</logicalDatatype>
<ownDataTypeParameters>,,</ownDataTypeParameters>
<autoIncrementCycle>false</autoIncrementCycle>
</Column>
<Column name="Cliente_Rut_cliente" id="147EA551-CC45-6B84-046F-9C6383F54178">
<createdBy>Matias</createdBy>
<createdTime>2024-09-24 23:21:43 UTC</createdTime>
<generatorID>C7DF8280-7A9F-A9D4-AFAA-1351970F9345</generatorID>
<ownerDesignName>Base_Datos</ownerDesignName>
<useDomainConstraints>false</useDomainConstraints>
<use>1</use>
<logicalDatatype>LOGDT011</logicalDatatype>
<ownDataTypeParameters>,,</ownDataTypeParameters>
<previousColumn>false</previousColumn>
<autoIncrementCycle>false</autoIncrementCycle>
<associations>
<colAssociation fkAssociation="167E1532-AC13-9C44-E47F-8C056277B21C" referredColumn="941364CC-6C75-BA75-F3C4-99FD47B42CE7"/>
</associations>
</Column>
</columns>
<indexes itemClass="oracle.dbtools.crest.model.design.relational.Index">
<ind_PK_UK id="524DAB60-7330-3F81-0034-B3529FA2737E" name="Notificacion_PK">
<createdBy>Matias</createdBy>
<createdTime>2024-09-24 23:21:43 UTC</createdTime>
<generatorID>BDB59837-EC0D-3F19-D1B9-FC6D1920B201</generatorID>
<ownerDesignName>Base_Datos</ownerDesignName>
<pk>true</pk>
<indexState>Primary Constraint</indexState>
<isSurrogateKey>false</isSurrogateKey>
<indexColumnUsage>
<colUsage columnID="F31CCFB3-F87F-5E11-5395-C80062A67B39"/>
</indexColumnUsage>
</ind_PK_UK>
<ind_PK_UK id="72AB071D-5C46-19FF-D548-5E47BDB42F00" name="Notificacion_Cliente_FK">
<createdBy>Matias</createdBy>
<createdTime>2024-09-24 23:21:43 UTC</createdTime>
<generatorID>4FB88865-CB7F-6BFA-EFAB-0DC424C482BD</generatorID>
<ownerDesignName>Base_Datos</ownerDesignName>
<indexState>Foreign Key</indexState>
<isSurrogateKey>false</isSurrogateKey>
<indexColumnUsage>
<colUsage columnID="147EA551-CC45-6B84-046F-9C6383F54178"/>
</indexColumnUsage>
</ind_PK_UK>
</indexes>
</Table>