<?xml version = '1.0' encoding = 'UTF-8'?>
<Table class="oracle.dbtools.crest.model.design.relational.Table" directorySegmentName="seg_0" id="F28188AC-F07A-CD53-87E5-BE5DB9A50566" name="Detalle_Producto">
<createdBy>Matias</createdBy>
<createdTime>2024-09-24 23:21:43 UTC</createdTime>
<generatorID>660682AE-8C14-E092-E156-75056D88D524</generatorID>
<ownerDesignName>Base_Datos</ownerDesignName>
<allowColumnReorder>false</allowColumnReorder>
<existDependencyGenerateInDDl>true</existDependencyGenerateInDDl>
<parsed>true</parsed>
<columns itemClass="oracle.dbtools.crest.model.design.relational.Column">
<Column name="id_detalle" id="8750F7D5-25D5-CE7B-194F-54DAF73C573C">
<createdBy>Matias</createdBy>
<createdTime>2024-09-24 23:21:43 UTC</createdTime>
<generatorID>827D9632-CA2F-5083-9C4B-DDDC782FCA64</generatorID>
<ownerDesignName>Base_Datos</ownerDesignName>
<useDomainConstraints>false</useDomainConstraints>
<use>1</use>
<logicalDatatype>LOGDT011</logicalDatatype>
<ownDataTypeParameters>,,</ownDataTypeParameters>
<autoIncrementCycle>false</autoIncrementCycle>
</Column>
<Column name="imagen_producto" id="7F3EE5BB-943B-243F-F144-9529AD128F46">
<createdBy>Matias</createdBy>
<createdTime>2024-09-24 23:21:43 UTC</createdTime>
<generatorID>1120F97C-2BAF-2600-C42E-8AC59AE67A11</generatorID>
<ownerDesignName>Base_Datos</ownerDesignName>
<useDomainConstraints>false</useDomainConstraints>
<use>1</use>
<logicalDatatype>LOGDT010</logicalDatatype>
<ownDataTypeParameters>,,</ownDataTypeParameters>
<autoIncrementCycle>false</autoIncrementCycle>
</Column>
<Column name="especificaciones" id="78C3D7FF-D747-34AC-2C4D-7C2D1E5765EE">
<createdBy>Matias</createdBy>
<createdTime>2024-09-24 23:21:43 UTC</createdTime>
<generatorID>DF24524D-ED46-1CF6-F7F1-3817344638C9</generatorID>
<ownerDesignName>Base_Datos</ownerDesignName>
<useDomainConstraints>false</useDomainConstraints>
<use>1</use>
<logicalDatatype>LOGDT024</logicalDatatype>
<dataTypeSize>300 CHAR</dataTypeSize>
<ownDataTypeParameters>300 CHAR,,</ownDataTypeParameters>
<autoIncrementCycle>false</autoIncrementCycle>
</Column>
<Column name="Producto_Codigo_Producto" id="3B805784-1DBC-2F38-BC95-274BA29C877C">
<createdBy>Matias</createdBy>
<createdTime>2024-09-24 23:21:43 UTC</createdTime>
<generatorID>4F519B73-6FF5-6760-4338-CD110A548B06</generatorID>
<ownerDesignName>Base_Datos</ownerDesignName>
<useDomainConstraints>false</useDomainConstraints>
<use>1</use>
<logicalDatatype>LOGDT024</logicalDatatype>
<dataTypeSize>100 CHAR</dataTypeSize>
<ownDataTypeParameters>,,</ownDataTypeParameters>
<previousColumn>false</previousColumn>
<autoIncrementCycle>false</autoIncrementCycle>
<associations>
<colAssociation fkAssociation="48CB67FF-2BAD-B8B1-C141-98E744DCDA0F" referredColumn="CCD3E166-0AAD-ED97-6C23-5137D7F023B8"/>
</associations>
</Column>
</columns>
<indexes itemClass="oracle.dbtools.crest.model.design.relational.Index">
<ind_PK_UK id="2778B717-9A03-E278-7F0E-58D45204AA23" name="Detalle_Producto_PK">
<createdBy>Matias</createdBy>
<createdTime>2024-09-24 23:21:43 UTC</createdTime>
<generatorID>1A720ECB-2B75-FD5A-161C-10FD179246A4</generatorID>
<ownerDesignName>Base_Datos</ownerDesignName>
<pk>true</pk>
<indexState>Primary Constraint</indexState>
<isSurrogateKey>false</isSurrogateKey>
<indexColumnUsage>
<colUsage columnID="8750F7D5-25D5-CE7B-194F-54DAF73C573C"/>
<colUsage columnID="3B805784-1DBC-2F38-BC95-274BA29C877C"/>
</indexColumnUsage>
</ind_PK_UK>
<ind_PK_UK id="E702FBB7-231A-95AA-6771-4CC8557D8CC9" name="Detalle_Producto_Producto_FK">
<createdBy>Matias</createdBy>
<createdTime>2024-09-24 23:21:43 UTC</createdTime>
<generatorID>04517914-F3B9-8FF7-6DCD-2E1A01FCACB3</generatorID>
<ownerDesignName>Base_Datos</ownerDesignName>
<indexState>Foreign Key</indexState>
<isSurrogateKey>false</isSurrogateKey>
<indexColumnUsage>
<colUsage columnID="3B805784-1DBC-2F38-BC95-274BA29C877C"/>
</indexColumnUsage>
</ind_PK_UK>
</indexes>
</Table>