<?xml version = '1.0' encoding = 'UTF-8'?>
<Diagram class="oracle.dbtools.crest.swingui.logical.DPVLogical" name="Logical" id="12233D01-6E3F-066B-D77A-59B1A384CB96">
<createdBy>Matias</createdBy>
<modifiedBy>Matias</modifiedBy>
<createdTime>2024-09-16 20:42:41 UTC</createdTime>
<autoRoute>false</autoRoute>
<boxInbox>true</boxInbox>
<showLegend>false</showLegend>
<showLabels>false</showLabels>
<showRelAttributes>false</showRelAttributes>
<gridEnabled>false</gridEnabled>
<showGrid>false</showGrid>
<diagramColor>-1</diagramColor>
<display>false</display>
<notation>1</notation>
<objectViews>
<OView class="oracle.dbtools.crest.swingui.logical.TVEntity" oid="044BE24C-6F1B-A169-77A9-8DE153D30047" otype="Entity" vid="0B73ED9D-C3B3-98EF-7E77-28B2A97E0CF3">
<hideElementsInCurrentOnly>false</hideElementsInCurrentOnly>
<bounds x="359" y="348" width="99" height="53"/>
</OView>
<OView class="oracle.dbtools.crest.swingui.logical.TVEntity" oid="0993AFF5-4A6F-3252-BFF1-1F5E8EBC67FB" otype="Entity" vid="0E33921B-65A6-FFA7-55C5-B6B528208033">
<hideElementsInCurrentOnly>false</hideElementsInCurrentOnly>
<bounds x="47" y="305" width="103" height="66"/>
</OView>
<OView class="oracle.dbtools.crest.swingui.logical.TVEntity" oid="1ECECE0B-52CB-A7EB-57D5-4DA80A9E0AB7" otype="Entity" vid="15C2403B-3EE9-A07A-9888-DB97D29955CB">
<hideElementsInCurrentOnly>false</hideElementsInCurrentOnly>
<bounds x="681" y="40" width="116" height="56"/>
</OView>
<OView class="oracle.dbtools.crest.swingui.logical.TVEntity" oid="33DA8A5A-9A4D-435D-747A-D0278C9F527D" otype="Entity" vid="6641E223-9894-B914-0E53-0543C95C8BC4">
<hideElementsInCurrentOnly>false</hideElementsInCurrentOnly>
<bounds x="333" y="186" width="120" height="120"/>
</OView>
<OView class="oracle.dbtools.crest.swingui.logical.TVEntity" oid="34F9CEF3-9452-AFDC-2979-ABDB467B30E4" otype="Entity" vid="C47F769A-2657-6CA1-4ECA-F1568E574B46">
<hideElementsInCurrentOnly>false</hideElementsInCurrentOnly>
<bounds x="570" y="384" width="103" height="67"/>
</OView>
<OView class="oracle.dbtools.crest.swingui.logical.TVEntity" oid="38D8A5E5-9DAE-FF81-C169-02BC03F4CF6C" otype="Entity" vid="B6952FC5-FF07-0EC6-340C-65F9F3A3E05B">
<hideElementsInCurrentOnly>false</hideElementsInCurrentOnly>
<bounds x="807" y="125" width="115" height="81"/>
</OView>
<OView class="oracle.dbtools.crest.swingui.logical.TVEntity" oid="62F0DDA2-6F2E-BF95-A3AA-7E8813C1C150" otype="Entity" vid="10A3C2D7-621B-59BF-B69B-FB2C57DAE502">
<hideElementsInCurrentOnly>false</hideElementsInCurrentOnly>
<bounds x="636" y="514" width="108" height="80"/>
</OView>
<OView class="oracle.dbtools.crest.swingui.logical.TVEntity" oid="660682AE-8C14-E092-E156-75056D88D524" otype="Entity" vid="C4BC41DA-7E0F-2F06-8BD6-0F4742BED95B">
<hideElementsInCurrentOnly>false</hideElementsInCurrentOnly>
<bounds x="782" y="305" width="118" height="67"/>
</OView>
<OView class="oracle.dbtools.crest.swingui.logical.TVEntity" oid="6AB6E9E0-61F3-DB7A-2FC0-609DFD98A361" otype="Entity" vid="E77A1C36-7A58-710E-3635-203C738693C6">
<hideElementsInCurrentOnly>false</hideElementsInCurrentOnly>
<bounds x="417" y="512" width="125" height="93"/>
</OView>
<OView class="oracle.dbtools.crest.swingui.logical.TVEntity" oid="74078DBD-4275-F7CC-210E-CD5BF8868E2E" otype="Entity" vid="12A9086D-BDB3-D33D-4422-76E8F7F7DA84">
<hideElementsInCurrentOnly>false</hideElementsInCurrentOnly>
<bounds x="71" y="54" width="125" height="94"/>
</OView>
<OView class="oracle.dbtools.crest.swingui.logical.TVEntity" oid="74EACE5B-CAB5-0163-DDD7-8D343BA2E72E" otype="Entity" vid="CA7F5F73-0822-D1C7-B45F-F57FC77FEA02">
<hideElementsInCurrentOnly>false</hideElementsInCurrentOnly>
<bounds x="311" y="36" width="96" height="81"/>
</OView>
<OView class="oracle.dbtools.crest.swingui.logical.TVEntity" oid="7665ACBD-CB26-B60A-FF84-D168BF20DE60" otype="Entity" vid="A66ED5B4-2A75-7326-F1A5-0FDF6587C138">
<hideElementsInCurrentOnly>false</hideElementsInCurrentOnly>
<bounds x="230" y="466" width="100" height="80"/>
</OView>
<OView class="oracle.dbtools.crest.swingui.logical.TVEntity" oid="8619912D-A483-FF7E-3A26-27C4F73F3085" otype="Entity" vid="6AB27615-77A1-2BD1-F818-90569B0A99A6">
<hideElementsInCurrentOnly>false</hideElementsInCurrentOnly>
<bounds x="410" y="118" width="156" height="36"/>
</OView>
<OView class="oracle.dbtools.crest.swingui.logical.TVEntity" oid="9C1E0376-F888-6928-B6EB-F9A5BAD10D18" otype="Entity" vid="E45AA922-DB32-1043-07C6-A2DF0514B38E">
<hideElementsInCurrentOnly>false</hideElementsInCurrentOnly>
<bounds x="835" y="41" width="101" height="55"/>
</OView>
<OView class="oracle.dbtools.crest.swingui.logical.TVEntity" oid="A0719688-9881-C2BF-2AC4-4B704B42F4B3" otype="Entity" vid="E2AA1CC6-53F4-5B67-A9CB-5E832D5398FB">
<hideElementsInCurrentOnly>false</hideElementsInCurrentOnly>
<bounds x="191" y="287" width="119" height="93"/>
</OView>
<OView class="oracle.dbtools.crest.swingui.logical.TVEntity" oid="C29482F1-EC5F-89DD-737A-384536788CC2" otype="Entity" vid="98B36693-022B-D360-74E0-FEC9AB23949C">
<hideElementsInCurrentOnly>false</hideElementsInCurrentOnly>
<bounds x="783" y="230" width="112" height="59"/>
</OView>
<OView class="oracle.dbtools.crest.swingui.logical.TVEntity" oid="D3A717B1-3EC1-23D4-FF22-DC9C9F54E880" otype="Entity" vid="A790F045-3686-7008-87BE-8FCC5A54EF2C">
<hideElementsInCurrentOnly>false</hideElementsInCurrentOnly>
<bounds x="532" y="39" width="108" height="62"/>
</OView>
<OView class="oracle.dbtools.crest.swingui.logical.TVEntity" oid="EF447D71-19A0-0949-40A4-CEF12E46DD6A" otype="Entity" vid="56E54CFF-05FD-12BF-B6DE-07F676BE2540">
<hideElementsInCurrentOnly>false</hideElementsInCurrentOnly>
<bounds x="417" y="421" width="107" height="79"/>
</OView>
<OView class="oracle.dbtools.crest.swingui.logical.TVEntity" oid="F3902E0F-F308-7023-EDBB-2B7133D1BA9F" otype="Entity" vid="BD6D2BE7-21AC-4053-021F-C5130D309C41">
<hideElementsInCurrentOnly>false</hideElementsInCurrentOnly>
<bounds x="616" y="252" width="115" height="82"/>
</OView>
<OView class="oracle.dbtools.crest.swingui.logical.TVEntity" oid="F9361220-1043-56BB-701C-493C3200DC4A" otype="Entity" vid="0CDED114-BC62-53F7-60C7-77705C8F95C9">
<hideElementsInCurrentOnly>false</hideElementsInCurrentOnly>
<bounds x="622" y="111" width="113" height="69"/>
</OView>
</objectViews>
<connectors>
<Connector class="oracle.dbtools.crest.swingui.logical.TVRelation" oid="04517914-F3B9-8FF7-6DCD-2E1A01FCACB3" otype="Relation" vid_source="BD6D2BE7-21AC-4053-021F-C5130D309C41" vid_target="C4BC41DA-7E0F-2F06-8BD6-0F4742BED95B">
<hideElementsInCurrentOnly>false</hideElementsInCurrentOnly>
<backgroundColor>-16777216</backgroundColor>
<lineWidth>1</lineWidth>
<points>
<point x="731" y="319"/>
<point x="782" y="319"/>
</points>
</Connector>
<Connector class="oracle.dbtools.crest.swingui.logical.TVRelation" oid="07A2CB1E-2E9E-E606-D4FD-F1593BD19BD8" otype="Relation" vid_source="A66ED5B4-2A75-7326-F1A5-0FDF6587C138" vid_target="E77A1C36-7A58-710E-3635-203C738693C6">
<hideElementsInCurrentOnly>false</hideElementsInCurrentOnly>
<backgroundColor>-16777216</backgroundColor>
<lineWidth>1</lineWidth>
<points>
<point x="330" y="529"/>
<point x="417" y="529"/>
</points>
</Connector>
<Connector class="oracle.dbtools.crest.swingui.logical.TVRelation" oid="0FC31132-2054-17FD-51FB-F8E357AA6D29" otype="Relation" vid_source="56E54CFF-05FD-12BF-B6DE-07F676BE2540" vid_target="A66ED5B4-2A75-7326-F1A5-0FDF6587C138">
<hideElementsInCurrentOnly>false</hideElementsInCurrentOnly>
<backgroundColor>-16777216</backgroundColor>
<lineWidth>1</lineWidth>
<points>
<point x="417" y="468"/>
<point x="330" y="468"/>
</points>
</Connector>
<Connector class="oracle.dbtools.crest.swingui.logical.TVRelation" oid="21E6F101-0DD5-653C-26E8-7F37BF91EACB" otype="Relation" vid_source="6641E223-9894-B914-0E53-0543C95C8BC4" vid_target="B6952FC5-FF07-0EC6-340C-65F9F3A3E05B">
<hideElementsInCurrentOnly>false</hideElementsInCurrentOnly>
<backgroundColor>-16777216</backgroundColor>
<lineWidth>1</lineWidth>
<points>
<point x="453" y="194"/>
<point x="624" y="194"/>
<point x="807" y="194"/>
</points>
</Connector>
<Connector class="oracle.dbtools.crest.swingui.logical.TVRelation" oid="3780857C-B3DC-5C0D-249C-85CC95FC8557" otype="Relation" vid_source="6641E223-9894-B914-0E53-0543C95C8BC4" vid_target="CA7F5F73-0822-D1C7-B45F-F57FC77FEA02">
<hideElementsInCurrentOnly>false</hideElementsInCurrentOnly>
<backgroundColor>-16777216</backgroundColor>
<lineWidth>1</lineWidth>
<points>
<point x="370" y="186"/>
<point x="370" y="117"/>
</points>
</Connector>
<Connector class="oracle.dbtools.crest.swingui.logical.TVRelation" oid="3832A9E2-BA8E-CF24-2201-58F462F697BB" otype="Relation" vid_source="0CDED114-BC62-53F7-60C7-77705C8F95C9" vid_target="B6952FC5-FF07-0EC6-340C-65F9F3A3E05B">
<hideElementsInCurrentOnly>false</hideElementsInCurrentOnly>
<backgroundColor>-16777216</backgroundColor>
<lineWidth>1</lineWidth>
<points>
<point x="735" y="152"/>
<point x="807" y="152"/>
</points>
</Connector>
<Connector class="oracle.dbtools.crest.swingui.logical.TVRelation" oid="3D22E038-3EFB-4ED4-00BA-77E36A753801" otype="Relation" vid_source="0CDED114-BC62-53F7-60C7-77705C8F95C9" vid_target="6AB27615-77A1-2BD1-F818-90569B0A99A6">
<hideElementsInCurrentOnly>false</hideElementsInCurrentOnly>
<backgroundColor>-16777216</backgroundColor>
<lineWidth>1</lineWidth>
<points>
<point x="622" y="136"/>
<point x="566" y="136"/>
</points>
</Connector>
<Connector class="oracle.dbtools.crest.swingui.logical.TVRelation" oid="4FB88865-CB7F-6BFA-EFAB-0DC424C482BD" otype="Relation" vid_source="E2AA1CC6-53F4-5B67-A9CB-5E832D5398FB" vid_target="0E33921B-65A6-FFA7-55C5-B6B528208033">
<hideElementsInCurrentOnly>false</hideElementsInCurrentOnly>
<backgroundColor>-16777216</backgroundColor>
<lineWidth>1</lineWidth>
<points>
<point x="191" y="338"/>
<point x="150" y="338"/>
</points>
</Connector>
<Connector class="oracle.dbtools.crest.swingui.logical.TVRelation" oid="5AA723D3-196D-B255-46CB-8F9BEEFBDD5D" otype="Relation" vid_source="15C2403B-3EE9-A07A-9888-DB97D29955CB" vid_target="A790F045-3686-7008-87BE-8FCC5A54EF2C">
<hideElementsInCurrentOnly>false</hideElementsInCurrentOnly>
<backgroundColor>-16777216</backgroundColor>
<lineWidth>1</lineWidth>
<points>
<point x="681" y="68"/>
<point x="640" y="68"/>
</points>
</Connector>
<Connector class="oracle.dbtools.crest.swingui.logical.TVRelation" oid="658A56D6-38BC-1476-E727-5FC64D5E6E68" otype="Relation" vid_source="A790F045-3686-7008-87BE-8FCC5A54EF2C" vid_target="CA7F5F73-0822-D1C7-B45F-F57FC77FEA02">
<hideElementsInCurrentOnly>false</hideElementsInCurrentOnly>
<backgroundColor>-16777216</backgroundColor>
<lineWidth>1</lineWidth>
<points>
<point x="532" y="70"/>
<point x="407" y="70"/>
</points>
</Connector>
<Connector class="oracle.dbtools.crest.swingui.logical.TVRelation" oid="87467850-485B-ED78-C23C-17942BCDFC04" otype="Relation" vid_source="98B36693-022B-D360-74E0-FEC9AB23949C" vid_target="BD6D2BE7-21AC-4053-021F-C5130D309C41">
<hideElementsInCurrentOnly>false</hideElementsInCurrentOnly>
<backgroundColor>-16777216</backgroundColor>
<lineWidth>1</lineWidth>
<points>
<point x="783" y="270"/>
<point x="731" y="270"/>
</points>
</Connector>
<Connector class="oracle.dbtools.crest.swingui.logical.TVRelation" oid="A968AC92-37F1-1ECF-60A2-29ED0FA3993B" otype="Relation" vid_source="6641E223-9894-B914-0E53-0543C95C8BC4" vid_target="6AB27615-77A1-2BD1-F818-90569B0A99A6">
<hideElementsInCurrentOnly>false</hideElementsInCurrentOnly>
<backgroundColor>-16777216</backgroundColor>
<lineWidth>1</lineWidth>
<points>
<point x="431" y="186"/>
<point x="431" y="154"/>
</points>
</Connector>
<Connector class="oracle.dbtools.crest.swingui.logical.TVRelation" oid="B454DF3E-45C7-E074-3C9C-AD038AF13F79" otype="Relation" vid_source="E45AA922-DB32-1043-07C6-A2DF0514B38E" vid_target="15C2403B-3EE9-A07A-9888-DB97D29955CB">
<hideElementsInCurrentOnly>false</hideElementsInCurrentOnly>
<backgroundColor>-16777216</backgroundColor>
<lineWidth>1</lineWidth>
<points>
<point x="835" y="68"/>
<point x="797" y="68"/>
</points>
</Connector>
<Connector class="oracle.dbtools.crest.swingui.logical.TVRelation" oid="BD1AC78F-A39F-89DB-8068-680ACD236CCC" otype="Relation" vid_source="56E54CFF-05FD-12BF-B6DE-07F676BE2540" vid_target="C47F769A-2657-6CA1-4ECA-F1568E574B46">
<hideElementsInCurrentOnly>false</hideElementsInCurrentOnly>
<backgroundColor>-16777216</backgroundColor>
<lineWidth>1</lineWidth>
<points>
<point x="524" y="472"/>
<point x="624" y="472"/>
<point x="624" y="451"/>
</points>
</Connector>
<Connector class="oracle.dbtools.crest.swingui.logical.TVRelation" oid="C9BD033B-8025-79C8-0F09-CA1F20C07558" otype="Relation" vid_source="E2AA1CC6-53F4-5B67-A9CB-5E832D5398FB" vid_target="A66ED5B4-2A75-7326-F1A5-0FDF6587C138">
<hideElementsInCurrentOnly>false</hideElementsInCurrentOnly>
<backgroundColor>-16777216</backgroundColor>
<lineWidth>1</lineWidth>
<points>
<point x="251" y="380"/>
<point x="251" y="421"/>
<point x="251" y="466"/>
</points>
</Connector>
<Connector class="oracle.dbtools.crest.swingui.logical.TVRelation" oid="CB194FC2-B741-2FCC-1FE1-216773A9BE68" otype="Relation" vid_source="6641E223-9894-B914-0E53-0543C95C8BC4" vid_target="BD6D2BE7-21AC-4053-021F-C5130D309C41">
<hideElementsInCurrentOnly>false</hideElementsInCurrentOnly>
<backgroundColor>-16777216</backgroundColor>
<lineWidth>1</lineWidth>
<points>
<point x="453" y="279"/>
<point x="616" y="279"/>
</points>
</Connector>
<Connector class="oracle.dbtools.crest.swingui.logical.TVRelation" oid="CFDE59B1-369D-998A-F949-20A75CE47FB4" otype="Relation" vid_source="BD6D2BE7-21AC-4053-021F-C5130D309C41" vid_target="C47F769A-2657-6CA1-4ECA-F1568E574B46">
<hideElementsInCurrentOnly>false</hideElementsInCurrentOnly>
<backgroundColor>-16777216</backgroundColor>
<lineWidth>1</lineWidth>
<points>
<point x="707" y="334"/>
<point x="707" y="406"/>
<point x="673" y="406"/>
</points>
</Connector>
<Connector class="oracle.dbtools.crest.swingui.logical.TVRelation" oid="D5C71727-ABBB-C31A-CCC0-25845B8C4654" otype="Relation" vid_source="E2AA1CC6-53F4-5B67-A9CB-5E832D5398FB" vid_target="0B73ED9D-C3B3-98EF-7E77-28B2A97E0CF3">
<hideElementsInCurrentOnly>false</hideElementsInCurrentOnly>
<backgroundColor>-16777216</backgroundColor>
<lineWidth>1</lineWidth>
<points>
<point x="310" y="364"/>
<point x="359" y="364"/>
</points>
</Connector>
<Connector class="oracle.dbtools.crest.swingui.logical.TVRelation" oid="E051F141-BA90-EE44-8007-ADD3E048AEEE" otype="Relation" vid_source="E2AA1CC6-53F4-5B67-A9CB-5E832D5398FB" vid_target="12A9086D-BDB3-D33D-4422-76E8F7F7DA84">
<hideElementsInCurrentOnly>false</hideElementsInCurrentOnly>
<backgroundColor>-16777216</backgroundColor>
<lineWidth>1</lineWidth>
<points>
<point x="206" y="287"/>
<point x="206" y="111"/>
<point x="196" y="111"/>
</points>
</Connector>
<Connector class="oracle.dbtools.crest.swingui.logical.TVRelation" oid="E281143B-0153-480E-28D4-251A35FD64A5" otype="Relation" vid_source="BD6D2BE7-21AC-4053-021F-C5130D309C41" vid_target="0B73ED9D-C3B3-98EF-7E77-28B2A97E0CF3">
<hideElementsInCurrentOnly>false</hideElementsInCurrentOnly>
<backgroundColor>-16777216</backgroundColor>
<lineWidth>1</lineWidth>
<points>
<point x="656" y="334"/>
<point x="656" y="367"/>
<point x="458" y="367"/>
</points>
</Connector>
<Connector class="oracle.dbtools.crest.swingui.logical.TVRelation" oid="E29C0DF8-41E5-AF84-F29F-14F0E26E26F9" otype="Relation" vid_source="E2AA1CC6-53F4-5B67-A9CB-5E832D5398FB" vid_target="56E54CFF-05FD-12BF-B6DE-07F676BE2540">
<hideElementsInCurrentOnly>false</hideElementsInCurrentOnly>
<backgroundColor>-16777216</backgroundColor>
<lineWidth>1</lineWidth>
<points>
<point x="294" y="380"/>
<point x="294" y="436"/>
<point x="417" y="436"/>
</points>
</Connector>
<Connector class="oracle.dbtools.crest.swingui.logical.TVRelation" oid="E2CABBFE-F3BF-0EDF-0169-807BA76804E7" otype="Relation" vid_source="E2AA1CC6-53F4-5B67-A9CB-5E832D5398FB" vid_target="CA7F5F73-0822-D1C7-B45F-F57FC77FEA02">
<hideElementsInCurrentOnly>false</hideElementsInCurrentOnly>
<backgroundColor>-16777216</backgroundColor>
<lineWidth>1</lineWidth>
<points>
<point x="283" y="287"/>
<point x="283" y="76"/>
<point x="311" y="76"/>
</points>
</Connector>
<Connector class="oracle.dbtools.crest.swingui.logical.TVRelation" oid="EBB0F3D6-288E-B886-CED2-5097D34E176D" otype="Relation" vid_source="6641E223-9894-B914-0E53-0543C95C8BC4" vid_target="0B73ED9D-C3B3-98EF-7E77-28B2A97E0CF3">
<hideElementsInCurrentOnly>false</hideElementsInCurrentOnly>
<backgroundColor>-16777216</backgroundColor>
<lineWidth>1</lineWidth>
<points>
<point x="430" y="306"/>
<point x="430" y="325"/>
<point x="430" y="348"/>
</points>
</Connector>
<Connector class="oracle.dbtools.crest.swingui.logical.TVRelation" oid="F60C53F5-6C1D-6ABB-A0BE-72B8982084DF" otype="Relation" vid_source="10A3C2D7-621B-59BF-B69B-FB2C57DAE502" vid_target="E77A1C36-7A58-710E-3635-203C738693C6">
<hideElementsInCurrentOnly>false</hideElementsInCurrentOnly>
<backgroundColor>-16777216</backgroundColor>
<lineWidth>1</lineWidth>
<points>
<point x="636" y="554"/>
<point x="542" y="554"/>
</points>
</Connector>
</connectors>
</Diagram>