<?xml version = '1.0' encoding = 'UTF-8'?>
<Entity class="oracle.dbtools.crest.model.design.logical.Entity" directorySegmentName="seg_0" id="660682AE-8C14-E092-E156-75056D88D524" name="Detalle_Producto">
<createdBy>Matias</createdBy>
<createdTime>2024-09-23 22:02:08 UTC</createdTime>
<ownerDesignName>Base_Datos</ownerDesignName>
<engineerTo>
<item key="5E20E1C7-6E8A-325D-F17C-95BAC867B73B" value="true"/>
</engineerTo>
<adequatelyNormalized>NO</adequatelyNormalized>
<expectedVolumes>0</expectedVolumes>
<fwdEngineeringStrategyName>Single Table</fwdEngineeringStrategyName>
<growthPercent>0</growthPercent>
<growthType>Year</growthType>
<maxVolumes>9999999</maxVolumes>
<minVolumes>0</minVolumes>
<normalForm>Third</normalForm>
<attributes itemClass="oracle.dbtools.crest.model.design.logical.Attribute">
<Attribute name="id_detalle" id="827D9632-CA2F-5083-9C4B-DDDC782FCA64">
<createdBy>Matias</createdBy>
<createdTime>2024-09-23 22:05:17 UTC</createdTime>
<ownerDesignName>Base_Datos</ownerDesignName>
<engineerTo>
<item key="5E20E1C7-6E8A-325D-F17C-95BAC867B73B" value="true"/>
</engineerTo>
<useDomainConstraints>false</useDomainConstraints>
<use>1</use>
<logicalDatatype>LOGDT011</logicalDatatype>
<ownDataTypeParameters>,,</ownDataTypeParameters>
</Attribute>
<Attribute name="imagen_producto" id="1120F97C-2BAF-2600-C42E-8AC59AE67A11">
<createdBy>Matias</createdBy>
<createdTime>2024-09-23 22:05:29 UTC</createdTime>
<ownerDesignName>Base_Datos</ownerDesignName>
<engineerTo>
<item key="5E20E1C7-6E8A-325D-F17C-95BAC867B73B" value="true"/>
</engineerTo>
<useDomainConstraints>false</useDomainConstraints>
<use>1</use>
<logicalDatatype>LOGDT010</logicalDatatype>
<ownDataTypeParameters>,,</ownDataTypeParameters>
</Attribute>
<Attribute name="especificaciones" id="DF24524D-ED46-1CF6-F7F1-3817344638C9">
<createdBy>Matias</createdBy>
<createdTime>2024-09-23 22:06:52 UTC</createdTime>
<ownerDesignName>Base_Datos</ownerDesignName>
<engineerTo>
<item key="5E20E1C7-6E8A-325D-F17C-95BAC867B73B" value="true"/>
</engineerTo>
<useDomainConstraints>false</useDomainConstraints>
<use>1</use>
<logicalDatatype>LOGDT024</logicalDatatype>
<dataTypeSize>300 CHAR</dataTypeSize>
<ownDataTypeParameters>300 CHAR,,</ownDataTypeParameters>
</Attribute>
<Attribute name="Codigo_Producto" id="4F519B73-6FF5-6760-4338-CD110A548B06">
<createdBy>Matias</createdBy>
<createdTime>2024-09-24 21:51:36 UTC</createdTime>
<generatorID>04517914-F3B9-8FF7-6DCD-2E1A01FCACB3</generatorID>
<ownerDesignName>Base_Datos</ownerDesignName>
<engineerTo>
<item key="5E20E1C7-6E8A-325D-F17C-95BAC867B73B" value="true"/>
</engineerTo>
<referedAttribute>9672120C-FED5-2941-5820-01373CA0B169</referedAttribute>
<useDomainConstraints>false</useDomainConstraints>
<use>1</use>
<logicalDatatype>LOGDT024</logicalDatatype>
<dataTypeSize>100 CHAR</dataTypeSize>
<ownDataTypeParameters>,,</ownDataTypeParameters>
</Attribute>
</attributes>
<identifiers itemClass="oracle.dbtools.crest.model.design.logical.CandidateKey">
<identifier id="1A720ECB-2B75-FD5A-161C-10FD179246A4" name="Detalle_Producto PK">
<createdBy>Matias</createdBy>
<createdTime>2024-09-23 22:05:25 UTC</createdTime>
<ownerDesignName>Base_Datos</ownerDesignName>
<shouldEngineer>false</shouldEngineer>
<engineerTo>
<item key="5E20E1C7-6E8A-325D-F17C-95BAC867B73B" value="false"/>
</engineerTo>
<pk>true</pk>
<usedAttributes>
<attributeRef>827D9632-CA2F-5083-9C4B-DDDC782FCA64</attributeRef>
<attributeRef>4F519B73-6FF5-6760-4338-CD110A548B06</attributeRef>
</usedAttributes>
</identifier>
</identifiers>
</Entity>