<?xml version = '1.0' encoding = 'UTF-8'?>
<Entity class="oracle.dbtools.crest.model.design.logical.Entity" directorySegmentName="seg_0" id="74EACE5B-CAB5-0163-DDD7-8D343BA2E72E" name="Direccion">
<createdBy>Matias</createdBy>
<createdTime>2024-09-23 21:47:59 UTC</createdTime>
<ownerDesignName>Base_Datos</ownerDesignName>
<engineerTo>
<item key="5E20E1C7-6E8A-325D-F17C-95BAC867B73B" value="true"/>
</engineerTo>
<adequatelyNormalized>NO</adequatelyNormalized>
<expectedVolumes>0</expectedVolumes>
<fwdEngineeringStrategyName>Single Table</fwdEngineeringStrategyName>
<growthPercent>0</growthPercent>
<growthType>Year</growthType>
<maxVolumes>9999999</maxVolumes>
<minVolumes>0</minVolumes>
<normalForm>Third</normalForm>
<attributes itemClass="oracle.dbtools.crest.model.design.logical.Attribute">
<Attribute name="id_direccion" id="03DF88F0-C170-4D32-D192-48656091DD84">
<createdBy>Matias</createdBy>
<createdTime>2024-09-23 21:48:06 UTC</createdTime>
<ownerDesignName>Base_Datos</ownerDesignName>
<engineerTo>
<item key="5E20E1C7-6E8A-325D-F17C-95BAC867B73B" value="true"/>
</engineerTo>
<useDomainConstraints>false</useDomainConstraints>
<use>1</use>
<logicalDatatype>LOGDT011</logicalDatatype>
<ownDataTypeParameters>,,</ownDataTypeParameters>
</Attribute>
<Attribute name="tipo_direccion" id="6B0180E0-AE41-77CD-6359-709114B307A4">
<createdBy>Matias</createdBy>
<createdTime>2024-09-23 21:48:17 UTC</createdTime>
<ownerDesignName>Base_Datos</ownerDesignName>
<engineerTo>
<item key="5E20E1C7-6E8A-325D-F17C-95BAC867B73B" value="true"/>
</engineerTo>
<useDomainConstraints>false</useDomainConstraints>
<use>1</use>
<logicalDatatype>LOGDT024</logicalDatatype>
<dataTypeSize>200 CHAR</dataTypeSize>
<ownDataTypeParameters>200 CHAR,,</ownDataTypeParameters>
</Attribute>
<Attribute name="latitud" id="2B8C0D99-6395-B785-6776-0005566410CF">
<createdBy>Matias</createdBy>
<createdTime>2024-09-23 21:48:49 UTC</createdTime>
<ownerDesignName>Base_Datos</ownerDesignName>
<engineerTo>
<item key="5E20E1C7-6E8A-325D-F17C-95BAC867B73B" value="true"/>
</engineerTo>
<useDomainConstraints>false</useDomainConstraints>
<use>1</use>
<logicalDatatype>LOGDT024</logicalDatatype>
<dataTypeSize>100 CHAR</dataTypeSize>
<ownDataTypeParameters>100 CHAR,,</ownDataTypeParameters>
</Attribute>
<Attribute name="longitud" id="24559BC9-FFAF-C5D8-04BF-97ACA9339C71">
<createdBy>Matias</createdBy>
<createdTime>2024-09-23 21:49:11 UTC</createdTime>
<ownerDesignName>Base_Datos</ownerDesignName>
<engineerTo>
<item key="5E20E1C7-6E8A-325D-F17C-95BAC867B73B" value="true"/>
</engineerTo>
<useDomainConstraints>false</useDomainConstraints>
<use>1</use>
<logicalDatatype>LOGDT024</logicalDatatype>
<dataTypeSize>100 CHAR</dataTypeSize>
<ownDataTypeParameters>100 CHAR,,</ownDataTypeParameters>
</Attribute>
<Attribute name="id_comuna" id="81EFF9C7-D485-0447-36BA-049C0B4D90BC">
<createdBy>Matias</createdBy>
<createdTime>2024-09-23 21:57:44 UTC</createdTime>
<generatorID>658A56D6-38BC-1476-E727-5FC64D5E6E68</generatorID>
<ownerDesignName>Base_Datos</ownerDesignName>
<engineerTo>
<item key="5E20E1C7-6E8A-325D-F17C-95BAC867B73B" value="true"/>
</engineerTo>
<referedAttribute>F37F51AB-BB0E-B014-1270-D09A601C91B3</referedAttribute>
<useDomainConstraints>false</useDomainConstraints>
<use>1</use>
<logicalDatatype>LOGDT011</logicalDatatype>
<ownDataTypeParameters>,,</ownDataTypeParameters>
</Attribute>
<Attribute name="Rut1" id="8ACF97FA-59E1-ACBD-3814-F1CB3C0DD192">
<createdBy>Matias</createdBy>
<createdTime>2024-09-23 21:59:50 UTC</createdTime>
<generatorID>3780857C-B3DC-5C0D-249C-85CC95FC8557</generatorID>
<ownerDesignName>Base_Datos</ownerDesignName>
<engineerTo>
<item key="5E20E1C7-6E8A-325D-F17C-95BAC867B73B" value="true"/>
</engineerTo>
<referedAttribute>675505EE-5973-C2DF-1DC5-261F5F7797EF</referedAttribute>
<useDomainConstraints>false</useDomainConstraints>
<use>1</use>
<logicalDatatype>LOGDT011</logicalDatatype>
<ownDataTypeParameters>,,</ownDataTypeParameters>
</Attribute>
<Attribute name="Rut_cliente" id="CBB63C08-1590-3414-826A-84B9587EFFE0">
<createdBy>Matias</createdBy>
<createdTime>2024-09-23 23:23:44 UTC</createdTime>
<generatorID>E2CABBFE-F3BF-0EDF-0169-807BA76804E7</generatorID>
<ownerDesignName>Base_Datos</ownerDesignName>
<engineerTo>
<item key="5E20E1C7-6E8A-325D-F17C-95BAC867B73B" value="true"/>
</engineerTo>
<referedAttribute>826249D8-41BC-C1AD-E10C-8E352D0837B3</referedAttribute>
<useDomainConstraints>false</useDomainConstraints>
<use>1</use>
<logicalDatatype>LOGDT011</logicalDatatype>
<ownDataTypeParameters>,,</ownDataTypeParameters>
</Attribute>
</attributes>
<identifiers itemClass="oracle.dbtools.crest.model.design.logical.CandidateKey">
<identifier id="B6A6A253-21F9-CF7E-66CB-B505078ACC73" name="Direccion PK">
<createdBy>Matias</createdBy>
<createdTime>2024-09-23 21:48:19 UTC</createdTime>
<ownerDesignName>Base_Datos</ownerDesignName>
<shouldEngineer>false</shouldEngineer>
<engineerTo>
<item key="5E20E1C7-6E8A-325D-F17C-95BAC867B73B" value="false"/>
</engineerTo>
<pk>true</pk>
<usedAttributes>
<attributeRef>03DF88F0-C170-4D32-D192-48656091DD84</attributeRef>
</usedAttributes>
</identifier>
</identifiers>
</Entity>