<?xml version = '1.0' encoding = 'UTF-8'?>
<FKIndexAssociation class="oracle.dbtools.crest.model.design.relational.FKIndexAssociation" directorySegmentName="seg_0" id="0D70A267-AE4A-02D2-E2DB-305182DD124A" containerWithKeyObject="C75D6D72-55F8-EA2E-AC16-682DAE67E0E0" localFKIndex="10908896-5F2C-30E7-8EEB-D3E3B6DCBA0F" name="Direccion_Comuna_FK">
<createdBy>Matias</createdBy>
<createdTime>2024-09-23 23:45:07 UTC</createdTime>
<generatorID>658A56D6-38BC-1476-E727-5FC64D5E6E68</generatorID>
<ownerDesignName>Base_Datos</ownerDesignName>
<referredTableLongName>Comuna</referredTableLongName>
<deleteRule>NO ACTION</deleteRule>
<referredTableID>9D74B149-2D05-D00C-AD68-63E3D8FF7556</referredTableID>
<keyObject>2AFF7083-6D49-169F-9FE6-A0E1860C9150</keyObject>
<referredKeyID>2AFF7083-6D49-169F-9FE6-A0E1860C9150</referredKeyID>
<mandatory>true</mandatory>
<refColNames>id_comuna</refColNames>
<transferable>true</transferable>
<rely>false</rely>
<columnDependencyConstraintGenerateInDDL>true</columnDependencyConstraintGenerateInDDL>
</FKIndexAssociation>