<?xml version = '1.0' encoding = 'UTF-8'?>
<FKIndexAssociation class="oracle.dbtools.crest.model.design.relational.FKIndexAssociation" directorySegmentName="seg_0" id="16B7AB4A-3F23-47E1-4958-B8405D8974CA" containerWithKeyObject="EC4FEA75-1419-C0CD-2C32-706333E6D23B" localFKIndex="4B8FC43D-D74A-CFEC-357D-5142DC73C82F" name="ChatBot_Clientes_FK">
<createdBy>Matias</createdBy>
<createdTime>2024-09-23 23:45:07 UTC</createdTime>
<generatorID>E051F141-BA90-EE44-8007-ADD3E048AEEE</generatorID>
<ownerDesignName>Base_Datos</ownerDesignName>
<referredTableLongName>Clientes</referredTableLongName>
<deleteRule>NO ACTION</deleteRule>
<referredTableID>D8D04B50-83BC-EEA5-9156-F73703E6C0DF</referredTableID>
<keyObject>9AD14DE2-1EF7-9BC6-96FD-B3A22FE06B92</keyObject>
<referredKeyID>9AD14DE2-1EF7-9BC6-96FD-B3A22FE06B92</referredKeyID>
<mandatory>true</mandatory>
<refColNames>Rut_cliente</refColNames>
<transferable>true</transferable>
<rely>false</rely>
<columnDependencyConstraintGenerateInDDL>true</columnDependencyConstraintGenerateInDDL>
</FKIndexAssociation>