<?xml version = '1.0' encoding = 'UTF-8'?>
<FKIndexAssociation class="oracle.dbtools.crest.model.design.relational.FKIndexAssociation" directorySegmentName="seg_0" id="18F82855-8176-F1A2-C283-2F827CCDE385" containerWithKeyObject="C75D6D72-55F8-EA2E-AC16-682DAE67E0E0" localFKIndex="84A24A21-74AB-7C17-2D07-76A272EED366" name="Direccion_Clientes_FK">
<createdBy>Matias</createdBy>
<createdTime>2024-09-23 23:45:07 UTC</createdTime>
<generatorID>E2CABBFE-F3BF-0EDF-0169-807BA76804E7</generatorID>
<ownerDesignName>Base_Datos</ownerDesignName>
<referredTableLongName>Clientes</referredTableLongName>
<deleteRule>NO ACTION</deleteRule>
<referredTableID>D8D04B50-83BC-EEA5-9156-F73703E6C0DF</referredTableID>
<keyObject>9AD14DE2-1EF7-9BC6-96FD-B3A22FE06B92</keyObject>
<referredKeyID>9AD14DE2-1EF7-9BC6-96FD-B3A22FE06B92</referredKeyID>
<mandatory>true</mandatory>
<refColNames>Rut_cliente</refColNames>
<transferable>true</transferable>
<rely>false</rely>
<columnDependencyConstraintGenerateInDDL>true</columnDependencyConstraintGenerateInDDL>
</FKIndexAssociation>