<?xml version = '1.0' encoding = 'UTF-8'?>
<FKIndexAssociation class="oracle.dbtools.crest.model.design.relational.FKIndexAssociation" directorySegmentName="seg_0" id="301D30AE-D51B-1FD3-ADEA-C3C205514065" containerWithKeyObject="91752ED6-AE58-891F-C92B-66DE1AD77FAC" localFKIndex="1C9F1C82-88BE-A513-8AC2-662720E680F8" name="Administrador_proveedor_Proveedor_FK">
<createdBy>Matias</createdBy>
<createdTime>2024-09-23 23:45:07 UTC</createdTime>
<generatorID>A968AC92-37F1-1ECF-60A2-29ED0FA3993B</generatorID>
<ownerDesignName>Base_Datos</ownerDesignName>
<referredTableLongName>Proveedor</referredTableLongName>
<deleteRule>NO ACTION</deleteRule>
<referredTableID>A1F3ACCE-1117-0F8F-EF4B-099CF872E547</referredTableID>
<keyObject>FCC10E95-0F13-B968-1893-C0DA45F54B13</keyObject>
<referredKeyID>FCC10E95-0F13-B968-1893-C0DA45F54B13</referredKeyID>
<mandatory>true</mandatory>
<refColNames>Rut</refColNames>
<transferable>true</transferable>
<rely>false</rely>
<columnDependencyConstraintGenerateInDDL>true</columnDependencyConstraintGenerateInDDL>
</FKIndexAssociation>