<?xml version = '1.0' encoding = 'UTF-8'?>
<FKIndexAssociation class="oracle.dbtools.crest.model.design.relational.FKIndexAssociation" directorySegmentName="seg_0" id="30333043-2596-D8EB-B779-B56B807C677F" containerWithKeyObject="41950B1E-2955-4FC6-2412-6838F9C7FBCA" localFKIndex="5218E9A3-C047-566C-8B48-AABC28AC9F39" name="Notificacion_Clientes_FK">
<createdBy>Matias</createdBy>
<createdTime>2024-09-23 23:45:07 UTC</createdTime>
<generatorID>4FB88865-CB7F-6BFA-EFAB-0DC424C482BD</generatorID>
<ownerDesignName>Base_Datos</ownerDesignName>
<referredTableLongName>Clientes</referredTableLongName>
<deleteRule>NO ACTION</deleteRule>
<referredTableID>D8D04B50-83BC-EEA5-9156-F73703E6C0DF</referredTableID>
<keyObject>9AD14DE2-1EF7-9BC6-96FD-B3A22FE06B92</keyObject>
<referredKeyID>9AD14DE2-1EF7-9BC6-96FD-B3A22FE06B92</referredKeyID>
<mandatory>true</mandatory>
<refColNames>Rut_cliente</refColNames>
<transferable>true</transferable>
<rely>false</rely>
<columnDependencyConstraintGenerateInDDL>true</columnDependencyConstraintGenerateInDDL>
</FKIndexAssociation>