<?xml version = '1.0' encoding = 'UTF-8'?>
<FKIndexAssociation class="oracle.dbtools.crest.model.design.relational.FKIndexAssociation" directorySegmentName="seg_0" id="39900FE6-0EFD-431D-357A-704B4D21284E" containerWithKeyObject="3B76D25D-9F37-F9B7-EE96-53128A534C6F" localFKIndex="DE7B20F5-AA55-78B1-4D65-1847BDD998AA" name="Venta_Carrito_FKv2">
<createdBy>Matias</createdBy>
<createdTime>2024-09-24 21:52:36 UTC</createdTime>
<generatorID>6337F1EB-B2B9-34AF-A8B9-B5C9B0197784</generatorID>
<ownerDesignName>Base_Datos</ownerDesignName>
<referredTableLongName>Carrito</referredTableLongName>
<deleteRule>NO ACTION</deleteRule>
<referredTableID>BDDFC139-5D99-D904-68E4-4BC60A76063F</referredTableID>
<keyObject>42CC913E-81C3-BE62-B5F9-02614789DF19</keyObject>
<referredKeyID>42CC913E-81C3-BE62-B5F9-02614789DF19</referredKeyID>
<mandatory>true</mandatory>
<refColNames>id_carrito</refColNames>
<transferable>true</transferable>
<rely>false</rely>
<columnDependencyConstraintGenerateInDDL>true</columnDependencyConstraintGenerateInDDL>
</FKIndexAssociation>