<?xml version = '1.0' encoding = 'UTF-8'?>
<FKIndexAssociation class="oracle.dbtools.crest.model.design.relational.FKIndexAssociation" directorySegmentName="seg_0" id="3C3DFE50-E150-4837-A7F0-B82A22C80911" containerWithKeyObject="C75D6D72-55F8-EA2E-AC16-682DAE67E0E0" localFKIndex="524CE1EB-DC7B-4FC2-5ED1-F57B5CEC2FE8" name="Direccion_Proveedor_FK">
<createdBy>Matias</createdBy>
<createdTime>2024-09-23 23:45:07 UTC</createdTime>
<generatorID>3780857C-B3DC-5C0D-249C-85CC95FC8557</generatorID>
<ownerDesignName>Base_Datos</ownerDesignName>
<referredTableLongName>Proveedor</referredTableLongName>
<deleteRule>NO ACTION</deleteRule>
<referredTableID>A1F3ACCE-1117-0F8F-EF4B-099CF872E547</referredTableID>
<keyObject>FCC10E95-0F13-B968-1893-C0DA45F54B13</keyObject>
<referredKeyID>FCC10E95-0F13-B968-1893-C0DA45F54B13</referredKeyID>
<mandatory>true</mandatory>
<refColNames>Rut</refColNames>
<transferable>true</transferable>
<rely>false</rely>
<columnDependencyConstraintGenerateInDDL>true</columnDependencyConstraintGenerateInDDL>
</FKIndexAssociation>