<?xml version = '1.0' encoding = 'UTF-8'?>
<FKIndexAssociation class="oracle.dbtools.crest.model.design.relational.FKIndexAssociation" directorySegmentName="seg_0" id="49F3BC6F-9684-346D-4E2E-D0A57B2CC1E3" containerWithKeyObject="4A040154-0854-623D-F13B-5279DF37A970" localFKIndex="078F2AC6-5C53-4E70-6937-BD19D35D5DDF" name="Calificacion_Producto_FK">
<createdBy>Matias</createdBy>
<createdTime>2024-09-23 23:45:07 UTC</createdTime>
<generatorID>E281143B-0153-480E-28D4-251A35FD64A5</generatorID>
<ownerDesignName>Base_Datos</ownerDesignName>
<referredTableLongName>Producto</referredTableLongName>
<deleteRule>NO ACTION</deleteRule>
<referredTableID>343066B3-BBDF-B192-E2A6-6235C6774282</referredTableID>
<keyObject>28BFDB0E-2260-6846-F6A9-503FB3DD42A4</keyObject>
<referredKeyID>28BFDB0E-2260-6846-F6A9-503FB3DD42A4</referredKeyID>
<mandatory>true</mandatory>
<refColNames>Codigo_Producto</refColNames>
<transferable>true</transferable>
<rely>false</rely>
<columnDependencyConstraintGenerateInDDL>true</columnDependencyConstraintGenerateInDDL>
</FKIndexAssociation>