<?xml version = '1.0' encoding = 'UTF-8'?>
<FKIndexAssociation class="oracle.dbtools.crest.model.design.relational.FKIndexAssociation" directorySegmentName="seg_0" id="534447C2-E3AA-3C73-708E-99F8BFC74FA5" containerWithKeyObject="3B76D25D-9F37-F9B7-EE96-53128A534C6F" localFKIndex="761CE27E-A1C9-91E8-3A4D-0EEB4FA22C6C" name="Venta_Clientes_FK">
<createdBy>Matias</createdBy>
<createdTime>2024-09-23 23:45:07 UTC</createdTime>
<generatorID>C9BD033B-8025-79C8-0F09-CA1F20C07558</generatorID>
<ownerDesignName>Base_Datos</ownerDesignName>
<referredTableLongName>Clientes</referredTableLongName>
<deleteRule>NO ACTION</deleteRule>
<referredTableID>D8D04B50-83BC-EEA5-9156-F73703E6C0DF</referredTableID>
<keyObject>9AD14DE2-1EF7-9BC6-96FD-B3A22FE06B92</keyObject>
<referredKeyID>9AD14DE2-1EF7-9BC6-96FD-B3A22FE06B92</referredKeyID>
<mandatory>true</mandatory>
<refColNames>Rut_cliente</refColNames>
<transferable>true</transferable>
<rely>false</rely>
<columnDependencyConstraintGenerateInDDL>true</columnDependencyConstraintGenerateInDDL>
</FKIndexAssociation>