<?xml version = '1.0' encoding = 'UTF-8'?>
<FKIndexAssociation class="oracle.dbtools.crest.model.design.relational.FKIndexAssociation" directorySegmentName="seg_0" id="581C04CE-9C40-AA9A-5899-312CEA2BCF97" containerWithKeyObject="343066B3-BBDF-B192-E2A6-6235C6774282" localFKIndex="D272AA9B-628C-7C8A-BE7F-675B22943193" name="Producto_Categoria_FK">
<createdBy>Matias</createdBy>
<createdTime>2024-09-23 23:45:07 UTC</createdTime>
<generatorID>87467850-485B-ED78-C23C-17942BCDFC04</generatorID>
<ownerDesignName>Base_Datos</ownerDesignName>
<referredTableLongName>Categoria</referredTableLongName>
<deleteRule>NO ACTION</deleteRule>
<referredTableID>CA0FD00E-23D2-902F-CD04-9E35D96BD3C7</referredTableID>
<keyObject>31D3827A-F065-E4BB-D2D3-1298529B4D33</keyObject>
<referredKeyID>31D3827A-F065-E4BB-D2D3-1298529B4D33</referredKeyID>
<mandatory>true</mandatory>
<refColNames>id_categoria</refColNames>
<transferable>true</transferable>
<rely>false</rely>
<columnDependencyConstraintGenerateInDDL>true</columnDependencyConstraintGenerateInDDL>
</FKIndexAssociation>