<?xml version = '1.0' encoding = 'UTF-8'?>
<FKIndexAssociation class="oracle.dbtools.crest.model.design.relational.FKIndexAssociation" directorySegmentName="seg_0" id="5ED12AD8-BEC6-C9ED-1EE2-3E6C89134130" containerWithKeyObject="434FB767-40CD-0D18-A477-98F33F766029" localFKIndex="867272ED-FCFB-7AE6-EFB2-D9B7C9406B48" name="Reporte_Administrador_FK">
<createdBy>Matias</createdBy>
<createdTime>2024-09-23 23:45:07 UTC</createdTime>
<generatorID>3832A9E2-BA8E-CF24-2201-58F462F697BB</generatorID>
<ownerDesignName>Base_Datos</ownerDesignName>
<referredTableLongName>Administrador</referredTableLongName>
<deleteRule>NO ACTION</deleteRule>
<referredTableID>23965E14-27AB-BAFB-55E9-8CEAED40110D</referredTableID>
<keyObject>3CE51A44-D07B-77D9-54F2-E38B1E11F85D</keyObject>
<referredKeyID>3CE51A44-D07B-77D9-54F2-E38B1E11F85D</referredKeyID>
<mandatory>true</mandatory>
<refColNames>id_administrador</refColNames>
<transferable>true</transferable>
<rely>false</rely>
<columnDependencyConstraintGenerateInDDL>true</columnDependencyConstraintGenerateInDDL>
</FKIndexAssociation>