<?xml version = '1.0' encoding = 'UTF-8'?>
<FKIndexAssociation class="oracle.dbtools.crest.model.design.relational.FKIndexAssociation" directorySegmentName="seg_0" id="66769B70-D77C-B6B6-38B1-CB9C1A10013E" containerWithKeyObject="C92E5874-9000-CA57-E90B-722618302106" localFKIndex="9E915125-ECB5-403D-1657-AAF59BD3D411" name="Producto_venta_Producto_FK">
<createdBy>Matias</createdBy>
<createdTime>2024-09-23 23:45:07 UTC</createdTime>
<generatorID>CFDE59B1-369D-998A-F949-20A75CE47FB4</generatorID>
<ownerDesignName>Base_Datos</ownerDesignName>
<referredTableLongName>Producto</referredTableLongName>
<deleteRule>NO ACTION</deleteRule>
<referredTableID>343066B3-BBDF-B192-E2A6-6235C6774282</referredTableID>
<keyObject>28BFDB0E-2260-6846-F6A9-503FB3DD42A4</keyObject>
<referredKeyID>28BFDB0E-2260-6846-F6A9-503FB3DD42A4</referredKeyID>
<mandatory>true</mandatory>
<refColNames>Codigo_Producto</refColNames>
<transferable>true</transferable>
<rely>false</rely>
<columnDependencyConstraintGenerateInDDL>true</columnDependencyConstraintGenerateInDDL>
</FKIndexAssociation>