<?xml version = '1.0' encoding = 'UTF-8'?>
<FKIndexAssociation class="oracle.dbtools.crest.model.design.relational.FKIndexAssociation" directorySegmentName="seg_0" id="7213F600-DC11-48E6-39CE-0D7CB43BC48E" containerWithKeyObject="343066B3-BBDF-B192-E2A6-6235C6774282" localFKIndex="88EF6D1F-A5C7-1368-131C-640345C73CEF" name="Producto_Proveedor_FK">
<createdBy>Matias</createdBy>
<createdTime>2024-09-23 23:45:07 UTC</createdTime>
<generatorID>CB194FC2-B741-2FCC-1FE1-216773A9BE68</generatorID>
<ownerDesignName>Base_Datos</ownerDesignName>
<referredTableLongName>Proveedor</referredTableLongName>
<deleteRule>NO ACTION</deleteRule>
<referredTableID>A1F3ACCE-1117-0F8F-EF4B-099CF872E547</referredTableID>
<keyObject>FCC10E95-0F13-B968-1893-C0DA45F54B13</keyObject>
<referredKeyID>FCC10E95-0F13-B968-1893-C0DA45F54B13</referredKeyID>
<mandatory>true</mandatory>
<refColNames>Rut</refColNames>
<transferable>true</transferable>
<rely>false</rely>
<columnDependencyConstraintGenerateInDDL>true</columnDependencyConstraintGenerateInDDL>
</FKIndexAssociation>