<?xml version = '1.0' encoding = 'UTF-8'?>
<FKIndexAssociation class="oracle.dbtools.crest.model.design.relational.FKIndexAssociation" directorySegmentName="seg_0" id="734D28ED-D4A7-6249-EA00-112BA82ABED6" containerWithKeyObject="91752ED6-AE58-891F-C92B-66DE1AD77FAC" localFKIndex="DDE94E82-1AE1-1802-C429-DCB59367B1D5" name="Administrador_proveedor_Administrador_FK">
<createdBy>Matias</createdBy>
<createdTime>2024-09-23 23:45:07 UTC</createdTime>
<generatorID>3D22E038-3EFB-4ED4-00BA-77E36A753801</generatorID>
<ownerDesignName>Base_Datos</ownerDesignName>
<referredTableLongName>Administrador</referredTableLongName>
<deleteRule>NO ACTION</deleteRule>
<referredTableID>23965E14-27AB-BAFB-55E9-8CEAED40110D</referredTableID>
<keyObject>3CE51A44-D07B-77D9-54F2-E38B1E11F85D</keyObject>
<referredKeyID>3CE51A44-D07B-77D9-54F2-E38B1E11F85D</referredKeyID>
<mandatory>true</mandatory>
<refColNames>id_administrador</refColNames>
<transferable>true</transferable>
<rely>false</rely>
<columnDependencyConstraintGenerateInDDL>true</columnDependencyConstraintGenerateInDDL>
</FKIndexAssociation>