<?xml version = '1.0' encoding = 'UTF-8'?>
<FKIndexAssociation class="oracle.dbtools.crest.model.design.relational.FKIndexAssociation" directorySegmentName="seg_0" id="75099BC1-EDD9-1F94-FAA8-A627D2CE74B1" containerWithKeyObject="DF7A2010-6EA6-F4C3-63F3-3C79D718B5FB" localFKIndex="B9D6D9EB-63B8-8D96-61F3-E0B89493CDF9" name="Transaccion_Metodo_pago_FK">
<createdBy>Matias</createdBy>
<createdTime>2024-09-23 23:45:07 UTC</createdTime>
<generatorID>F60C53F5-6C1D-6ABB-A0BE-72B8982084DF</generatorID>
<ownerDesignName>Base_Datos</ownerDesignName>
<referredTableLongName>Metodo_pago</referredTableLongName>
<deleteRule>NO ACTION</deleteRule>
<referredTableID>D0571391-A0A6-B795-63F9-F7C239F72158</referredTableID>
<keyObject>D90C6A8D-AD05-B295-ABA3-158DA327BEFE</keyObject>
<referredKeyID>D90C6A8D-AD05-B295-ABA3-158DA327BEFE</referredKeyID>
<mandatory>true</mandatory>
<refColNames>id_metodo_pago</refColNames>
<transferable>true</transferable>
<rely>false</rely>
<columnDependencyConstraintGenerateInDDL>true</columnDependencyConstraintGenerateInDDL>
</FKIndexAssociation>