<?xml version = '1.0' encoding = 'UTF-8'?>
<FKIndexAssociation class="oracle.dbtools.crest.model.design.relational.FKIndexAssociation" directorySegmentName="seg_0" id="8281EF42-C9B4-3D84-DCF0-F7A80A9614C5" containerWithKeyObject="DF7A2010-6EA6-F4C3-63F3-3C79D718B5FB" localFKIndex="12E4065E-6956-C76C-87B7-0E17C7BE7EB0" name="Transaccion_Venta_FKv2">
<createdBy>Matias</createdBy>
<createdTime>2024-09-24 21:52:36 UTC</createdTime>
<generatorID>247E532C-8EFA-FD60-82DE-55AC690CE03F</generatorID>
<ownerDesignName>Base_Datos</ownerDesignName>
<referredTableLongName>Venta</referredTableLongName>
<deleteRule>NO ACTION</deleteRule>
<referredTableID>3B76D25D-9F37-F9B7-EE96-53128A534C6F</referredTableID>
<keyObject>092D92FE-9720-472E-69E3-2ECB490B9693</keyObject>
<referredKeyID>092D92FE-9720-472E-69E3-2ECB490B9693</referredKeyID>
<mandatory>true</mandatory>
<refColNames>id_venta,Carrito_id_carrito2</refColNames>
<transferable>true</transferable>
<rely>false</rely>
<columnDependencyConstraintGenerateInDDL>true</columnDependencyConstraintGenerateInDDL>
</FKIndexAssociation>