<?xml version = '1.0' encoding = 'UTF-8'?>
<FKIndexAssociation class="oracle.dbtools.crest.model.design.relational.FKIndexAssociation" directorySegmentName="seg_0" id="84A4DDA6-6B60-5487-625A-3BF9012F2C47" containerWithKeyObject="4E327FFF-72BB-6AFB-943D-DEAA86B1DEED" localFKIndex="08C645CB-5956-7C2B-7B7A-625F59BD30D4" name="Detalle_Producto_Producto_FK">
<createdBy>Matias</createdBy>
<createdTime>2024-09-23 23:45:07 UTC</createdTime>
<generatorID>04517914-F3B9-8FF7-6DCD-2E1A01FCACB3</generatorID>
<ownerDesignName>Base_Datos</ownerDesignName>
<referredTableLongName>Producto</referredTableLongName>
<deleteRule>NO ACTION</deleteRule>
<referredTableID>343066B3-BBDF-B192-E2A6-6235C6774282</referredTableID>
<keyObject>28BFDB0E-2260-6846-F6A9-503FB3DD42A4</keyObject>
<referredKeyID>28BFDB0E-2260-6846-F6A9-503FB3DD42A4</referredKeyID>
<mandatory>true</mandatory>
<refColNames>Codigo_Producto</refColNames>
<transferable>true</transferable>
<rely>false</rely>
<columnDependencyConstraintGenerateInDDL>true</columnDependencyConstraintGenerateInDDL>
</FKIndexAssociation>