<?xml version = '1.0' encoding = 'UTF-8'?>
<FKIndexAssociation class="oracle.dbtools.crest.model.design.relational.FKIndexAssociation" directorySegmentName="seg_0" id="84AB1FAC-7B5A-D3C9-901B-BB322D43E833" containerWithKeyObject="9D74B149-2D05-D00C-AD68-63E3D8FF7556" localFKIndex="2677A8C2-40F3-EF66-BC35-03D4F269F955" name="Comuna_Provincia_FK">
<createdBy>Matias</createdBy>
<createdTime>2024-09-23 23:45:07 UTC</createdTime>
<generatorID>5AA723D3-196D-B255-46CB-8F9BEEFBDD5D</generatorID>
<ownerDesignName>Base_Datos</ownerDesignName>
<referredTableLongName>Provincia</referredTableLongName>
<deleteRule>NO ACTION</deleteRule>
<referredTableID>88396F10-60B3-C92B-DA59-BF43B1722566</referredTableID>
<keyObject>D48F4A9F-3FD4-F01A-6B40-E76782BE369C</keyObject>
<referredKeyID>D48F4A9F-3FD4-F01A-6B40-E76782BE369C</referredKeyID>
<mandatory>true</mandatory>
<refColNames>id_provincia</refColNames>
<transferable>true</transferable>
<rely>false</rely>
<columnDependencyConstraintGenerateInDDL>true</columnDependencyConstraintGenerateInDDL>
</FKIndexAssociation>