<?xml version = '1.0' encoding = 'UTF-8'?>
<FKIndexAssociation class="oracle.dbtools.crest.model.design.relational.FKIndexAssociation" directorySegmentName="seg_0" id="89B2090C-A058-03D8-B3C5-83F8B80A80A0" containerWithKeyObject="88396F10-60B3-C92B-DA59-BF43B1722566" localFKIndex="027A7BAF-FBF2-7FCC-8E6A-06421C2383C5" name="Provincia_Region_FK">
<createdBy>Matias</createdBy>
<createdTime>2024-09-23 23:45:07 UTC</createdTime>
<generatorID>B454DF3E-45C7-E074-3C9C-AD038AF13F79</generatorID>
<ownerDesignName>Base_Datos</ownerDesignName>
<referredTableLongName>Region</referredTableLongName>
<deleteRule>NO ACTION</deleteRule>
<referredTableID>03FADC9F-2AC6-1A9A-EC89-920944217DBA</referredTableID>
<keyObject>5CA07536-BE70-E8D4-EABB-085F92197C5F</keyObject>
<referredKeyID>5CA07536-BE70-E8D4-EABB-085F92197C5F</referredKeyID>
<mandatory>true</mandatory>
<refColNames>id_region</refColNames>
<transferable>true</transferable>
<rely>false</rely>
<columnDependencyConstraintGenerateInDDL>true</columnDependencyConstraintGenerateInDDL>
</FKIndexAssociation>