<?xml version = '1.0' encoding = 'UTF-8'?>
<FKIndexAssociation class="oracle.dbtools.crest.model.design.relational.FKIndexAssociation" directorySegmentName="seg_0" id="99E620DE-334C-C8E0-2FA8-1939B718941C" containerWithKeyObject="C92E5874-9000-CA57-E90B-722618302106" localFKIndex="99B8FB7A-134E-9A33-B1A3-06E9610F9644" name="Producto_venta_Carrito_FK">
<createdBy>Matias</createdBy>
<createdTime>2024-09-23 23:45:07 UTC</createdTime>
<generatorID>BD1AC78F-A39F-89DB-8068-680ACD236CCC</generatorID>
<ownerDesignName>Base_Datos</ownerDesignName>
<referredTableLongName>Carrito</referredTableLongName>
<deleteRule>NO ACTION</deleteRule>
<referredTableID>BDDFC139-5D99-D904-68E4-4BC60A76063F</referredTableID>
<keyObject>42CC913E-81C3-BE62-B5F9-02614789DF19</keyObject>
<referredKeyID>42CC913E-81C3-BE62-B5F9-02614789DF19</referredKeyID>
<mandatory>true</mandatory>
<refColNames>id_carrito</refColNames>
<transferable>true</transferable>
<rely>false</rely>
<columnDependencyConstraintGenerateInDDL>true</columnDependencyConstraintGenerateInDDL>
</FKIndexAssociation>