<?xml version = '1.0' encoding = 'UTF-8'?>
<FKIndexAssociation class="oracle.dbtools.crest.model.design.relational.FKIndexAssociation" directorySegmentName="seg_0" id="A8FF634C-DD72-AABB-79D0-7403192686DD" containerWithKeyObject="4A040154-0854-623D-F13B-5279DF37A970" localFKIndex="2A20C5C2-D42D-4418-8344-59DC17A8CF01" name="Calificacion_Proveedor_FK">
<createdBy>Matias</createdBy>
<createdTime>2024-09-23 23:45:07 UTC</createdTime>
<generatorID>EBB0F3D6-288E-B886-CED2-5097D34E176D</generatorID>
<ownerDesignName>Base_Datos</ownerDesignName>
<referredTableLongName>Proveedor</referredTableLongName>
<deleteRule>NO ACTION</deleteRule>
<referredTableID>A1F3ACCE-1117-0F8F-EF4B-099CF872E547</referredTableID>
<keyObject>FCC10E95-0F13-B968-1893-C0DA45F54B13</keyObject>
<referredKeyID>FCC10E95-0F13-B968-1893-C0DA45F54B13</referredKeyID>
<mandatory>true</mandatory>
<refColNames>Rut</refColNames>
<transferable>true</transferable>
<rely>false</rely>
<columnDependencyConstraintGenerateInDDL>true</columnDependencyConstraintGenerateInDDL>
</FKIndexAssociation>