<?xml version = '1.0' encoding = 'UTF-8'?>
<FKIndexAssociation class="oracle.dbtools.crest.model.design.relational.FKIndexAssociation" directorySegmentName="seg_0" id="CED11B7B-F9DE-79F6-B9D1-29CC02FFB497" containerWithKeyObject="BDDFC139-5D99-D904-68E4-4BC60A76063F" localFKIndex="66BE29F6-6DDD-17F4-20BB-D61E85E3EBE4" name="Carrito_Clientes_FK">
<createdBy>Matias</createdBy>
<createdTime>2024-09-23 23:45:07 UTC</createdTime>
<generatorID>E29C0DF8-41E5-AF84-F29F-14F0E26E26F9</generatorID>
<ownerDesignName>Base_Datos</ownerDesignName>
<referredTableLongName>Clientes</referredTableLongName>
<deleteRule>NO ACTION</deleteRule>
<referredTableID>D8D04B50-83BC-EEA5-9156-F73703E6C0DF</referredTableID>
<keyObject>9AD14DE2-1EF7-9BC6-96FD-B3A22FE06B92</keyObject>
<referredKeyID>9AD14DE2-1EF7-9BC6-96FD-B3A22FE06B92</referredKeyID>
<mandatory>true</mandatory>
<refColNames>Rut_cliente</refColNames>
<transferable>true</transferable>
<rely>false</rely>
<columnDependencyConstraintGenerateInDDL>true</columnDependencyConstraintGenerateInDDL>
</FKIndexAssociation>