<?xml version = '1.0' encoding = 'UTF-8'?>
<FKIndexAssociation class="oracle.dbtools.crest.model.design.relational.FKIndexAssociation" directorySegmentName="seg_0" id="DBBD6919-0A2B-0810-033D-F09702CC5EAB" containerWithKeyObject="434FB767-40CD-0D18-A477-98F33F766029" localFKIndex="3F2B81CE-F0AD-0AF9-4B18-5F1B81B1DD90" name="Reporte_Proveedor_FK">
<createdBy>Matias</createdBy>
<createdTime>2024-09-23 23:45:07 UTC</createdTime>
<generatorID>21E6F101-0DD5-653C-26E8-7F37BF91EACB</generatorID>
<ownerDesignName>Base_Datos</ownerDesignName>
<referredTableLongName>Proveedor</referredTableLongName>
<deleteRule>NO ACTION</deleteRule>
<referredTableID>A1F3ACCE-1117-0F8F-EF4B-099CF872E547</referredTableID>
<keyObject>FCC10E95-0F13-B968-1893-C0DA45F54B13</keyObject>
<referredKeyID>FCC10E95-0F13-B968-1893-C0DA45F54B13</referredKeyID>
<mandatory>true</mandatory>
<refColNames>Rut</refColNames>
<transferable>true</transferable>
<rely>false</rely>
<columnDependencyConstraintGenerateInDDL>true</columnDependencyConstraintGenerateInDDL>
</FKIndexAssociation>